id,Domain,Status,Attractiveness,Demand,Length,Registrar,Created,Expires
393e35e6-9710-481e-ab98-f46707cacae1,abactinal.academy,available,50,1,9,,,
227517d4-6b04-4453-91d3-4e12d488767b,abaft.academy,available,43,2,5,,,
b1432f77-3f42-406b-84fe-b68bdba009d3,abandoned.academy,available,58,10,9,,,
a54e7061-277e-4318-a626-b5f0147c990e,abashed.academy,available,60,2,7,,,
c5d58f8f-d715-4a99-80c1-84cba6b9a5cd,abasic.academy,available,54,2,6,,,
63ac7ef2-c4da-49b9-a71c-b983d8fa1f94,abatable.academy,available,54,1,8,,,
3867a766-3e53-4643-9b87-48863136d662,abatic.academy,available,54,2,6,,,
9be200c5-b684-4567-b1ee-005c0486ffbc,abaxial.academy,available,54,2,7,,,
664e2f70-89c2-464f-9a3c-d81802195fcb,abbatial.academy,available,50,1,8,,,
6f24f5cc-cc3a-45a8-9362-16fb725e7159,abdicable.academy,available,50,1,9,,,
d30f567e-b5b6-462f-9639-1c15804a5b1b,abdominal.academy,available,82,2,9,,,
296acaaf-ec1b-4b1f-b748-2b3700e37152,abdominous.academy,available,56,1,10,,,
d1788d3e-68ef-4e29-8529-2e2fca66402d,abducens.academy,available,54,1,8,,,
2ab13659-ca3f-4897-963f-ac17a3930b5d,abducent.academy,available,68,1,8,,,
249ac43e-68bf-466b-9b71-22933411aeb4,abducting.academy,available,50,1,9,,,
2e6c9781-6334-42a8-9efd-accb62476363,abenaki.academy,available,82,3,7,,,
c378b76a-317f-483d-a2d2-937bca1ea5bb,aberdonian.academy,available,68,1,10,,,
e6b453a5-2c1a-4b47-a73a-de9ac3b9e06d,aberrant.academy,available,74,7,8,,,
2894f933-13ab-4462-a0f3-298adc9033ce,abeyant.academy,available,56,2,7,,,
e2754f4c-1e9b-4d7f-9421-82f3f44b68cc,abhorrent.academy,available,54,1,9,,,
6b896d69-7e01-4ca3-a8a4-21533d235581,abiding.academy,available,106,5,7,,,
254f7875-59ce-4588-b30e-9fdb830d6a57,abient.academy,available,54,1,6,,,
05e6841e-6785-4af4-a55d-a59df63e5645,abject.academy,available,94,8,6,,,
53a3429b-de26-4e2a-84c3-60fe874a53f6,abkhas.academy,available,68,1,6,,,
62272253-130e-49be-86ae-927e88f1bf69,abkhasian.academy,available,78,1,9,,,
4a6d9a7c-369d-4d7a-87b4-fca42a788986,abkhaz.academy,available,82,2,6,,,
92112b64-e659-4169-b8ee-1d22f9a85802,abkhazian.academy,available,78,1,9,,,
a8b45d9f-4e5c-42aa-b8b6-6c5166f7884a,ablated.academy,available,52,2,7,,,
44cc70b6-63dd-4d34-820a-7352bc5c370a,ablative.academy,available,68,3,8,,,
47330284-b706-4f79-b3d9-5ce12e626920,ablaze.academy,available,72,6,6,,,
4312cd56-28cc-4346-a083-ed729c4884b8,able.academy,resell,80,29,4,"Sav.com, LLC",10/11/2024 09:00,10/11/2025 09:00
fd6c83f7-1587-4e2c-bace-14c46a8290dd,abloom.academy,available,72,5,6,,,
07ca8d3c-b061-4ee0-831c-63ced5e1228e,abnaki.academy,available,68,2,6,,,
c09fcdfd-4302-41ef-b8f7-15faf103f98d,abomasal.academy,available,50,1,8,,,
35582511-a9a8-4cf3-8164-41fb129ace8e,abominable.academy,available,52,3,10,,,
65d3f6f3-19d6-450b-b41d-dfc3ed452745,aboral.academy,available,54,2,6,,,
3535ca15-0ce7-4d2d-9f10-8d781fafc2f4,aborigine.academy,available,62,2,9,,,
055ee7ea-e9c3-493c-9079-281b37c31720,aborticide.academy,available,50,1,10,,,
e6a2ab36-aafc-45f1-874b-2591e998e4da,abortive.academy,available,90,1,8,,,
487fd1e2-b627-4b64-a6c6-97c845211728,aboulic.academy,available,52,2,7,,,
68c034d9-c8c7-4188-a8d4-787eda4b532d,abounding.academy,available,78,2,9,,,
b04e4e61-35b0-4127-9f36-e1080f9e1b93,aboveboard.academy,available,60,5,10,,,
b71ea0d0-23fa-446d-8ecc-462ba61e98d2,abradant.academy,available,70,1,8,,,
66d231c4-65bf-4dc1-a15b-240d923d57a9,abranchial.academy,available,50,1,10,,,
f860250b-307e-4ebe-b48f-0eca8cb4b5fb,abrasive.academy,available,76,6,8,,,
1742dcc4-9ab4-4a52-af13-1975a50fdb2d,abreast.academy,available,72,3,7,,,
4a389b8c-6189-4510-8724-46010cd4cacc,abridged.academy,available,58,5,8,,,
4461ba70-ee6a-4077-a117-d481a0cd9edb,abroach.academy,available,82,1,7,,,
867c765a-6c40-460a-b3c6-b39cf2bccea8,abroad.academy,available,92,12,6,,,
ccbf7b99-dd77-4cea-8f3b-ad6c0b9ec550,abrupt.academy,available,100,4,6,,,
91dbf90c-3228-401a-8c4c-7bb8bfac98fb,abscessed.academy,available,41,1,9,,,
a81b310e-17a7-4b34-84b0-fe093b126e08,absent.academy,available,102,8,6,,,
d1890397-c9b2-41b3-a030-8f6dd7765c7f,absolutist.academy,available,72,2,10,,,
c1b92298-773a-4ef3-bb54-10481a9883b0,absolved.academy,available,64,2,8,,,
342e8b96-ad6e-4181-84e0-dd8bb9fc3c0f,absorbable.academy,available,80,1,10,,,
6256ce1e-a5c1-4d76-ad21-8b59c1220d29,absorbed.academy,available,72,2,8,,,
061bf705-029f-4880-ad75-de2ee5214482,absorbent.academy,available,82,3,9,,,
2f6a7385-76c6-4f2d-87ba-fe3db5f3f65c,absorbing.academy,available,70,3,9,,,
72d2321b-9d08-4f45-a56c-f803778d8f3d,absorptive.academy,available,78,1,10,,,
659f3828-7297-4e98-84fd-ff4529ff70aa,abstainer.academy,available,60,1,9,,,
cad7e621-b485-4cee-b0a3-c5b7cbb8fc04,abstemious.academy,available,60,1,10,,,
35dbccf1-4817-4101-96ad-c44b77214b6b,abstinent.academy,available,66,1,9,,,
c259d041-a86d-4a93-a9e3-9b3d6ee6951f,abstract.academy,resell,108,28,8,"GoDaddy.com, LLC",10/05/2017 17:53,10/05/2026 17:53
f638eca9-3d06-47e0-86a8-346347f6e4a8,abstracted.academy,available,48,6,10,,,
2554b926-a65c-4ab8-91e9-229e50c6101d,abstruse.academy,available,52,3,8,,,
9475eec0-aa00-400d-96ed-f86d1f8d900a,absurd.academy,available,80,17,6,,,
1f0dba7c-d7b9-4723-9fc2-f3680a62e9b5,abulic.academy,available,70,2,6,,,
84d05567-59dc-48bf-bd56-e784526e0896,abundant.academy,available,80,19,8,,,
0448866e-2eb4-40cb-8144-0c93dce7582e,abused.academy,available,58,5,6,,,
926b6ba1-394a-4779-ba3e-9d3b7168f4d7,abusive.academy,available,52,3,7,,,
9ade61c1-8f1d-4644-9639-35dea5986915,abuzz.academy,available,58,5,5,,,
bf91612b-eca0-4332-96a1-4911a77cd1c5,abysmal.academy,available,52,4,7,,,
e6d9e865-6061-4195-ae8d-f4a12121688a,abyssal.academy,available,48,13,7,,,
9eef19d9-cfb2-47ec-b0d3-36753920ac6a,acanthoid.academy,available,46,1,9,,,
079f3398-5a0a-4152-818a-d994782e77e4,acanthotic.academy,available,46,1,10,,,
dd77285e-9668-494f-94c9-e6fe8688a785,acanthous.academy,available,46,1,9,,,
fbb5e80a-e47e-4e2d-8b9d-a0c68ba92ece,acapnial.academy,available,46,1,8,,,
ff53d994-c0ff-4406-96c2-a80c5b69b8f8,acapnic.academy,available,50,1,7,,,
96cb23f3-b663-4015-8459-c2ca2365c019,acapnotic.academy,available,50,1,9,,,
3d4f78ee-1736-434f-9391-274ddeb5ba81,acarpelous.academy,available,46,1,10,,,
f0b92601-36c6-4029-b392-48a9400fffd4,acarpous.academy,available,46,1,8,,,
35b0b203-3201-47b7-828a-0a27536d0cce,acaudal.academy,available,50,1,7,,,
57ddb04c-8450-4ff9-b353-d67b4c829cbd,acaudate.academy,available,46,1,8,,,
da27d3fb-7c28-418a-98a8-050048daab47,accented.academy,available,58,2,8,,,
4e7f09de-93e8-4564-933a-2e6b30d4ed95,accentual.academy,available,54,2,9,,,
7a02e22f-7197-480e-95c3-4076ca4a3e84,acceptable.academy,available,78,5,10,,,
9ccf8050-46e8-4142-8e1b-f2217a31a579,acceptant.academy,available,78,1,9,,,
810e161f-4615-4d19-813b-8ad09e0b89c2,accepted.academy,available,78,6,8,,,
085d2895-5540-4502-a43b-efe4096e8c9c,accepting.academy,available,74,3,9,,,
3781d97d-eab3-4745-846d-05cf469804b2,acceptive.academy,available,60,1,9,,,
aaa23da2-1bf8-4fb5-9d90-688fcbe0787a,accessary.academy,available,66,1,9,,,
7d5114a6-2eaa-40f2-b609-1b0d1a0ca583,accessory.academy,available,84,9,9,,,
d77b0ffe-4a6d-40f7-b94f-eb33daaed1be,accidental.academy,available,78,11,10,,,
06bf055b-e8b6-40d0-a139-e820b2d9b3ff,accordant.academy,available,64,3,9,,,
23a44e61-3151-4bc6-83f6-247c5f62e8e4,according.academy,available,66,4,9,,,
79023ee2-87df-47bb-8735-f8c9136868b6,accoutered.academy,available,56,1,10,,,
dccc67ea-bdbc-499c-bff2-c57f00ff8ea7,accoutred.academy,available,58,1,9,,,
acda41d3-e1ae-4aad-832b-2d71c2ec56ee,accretive.academy,available,58,6,9,,,
3a021092-8876-4336-8970-291729904e30,accrued.academy,available,62,3,7,,,
e48fcd22-c1e5-455d-a051-0e828fed950f,accumbent.academy,available,70,1,9,,,
be0ce971-0223-477b-b650-0ff0bce6aeb6,accurate.academy,available,78,16,8,,,
864b2ffe-207f-497e-859f-3f4a4a18a313,accursed.academy,available,54,3,8,,,
2ba8c9eb-7f0c-4aa2-a0ea-547666743226,accurst.academy,available,40,1,7,,,
dc29fd76-d750-47d2-a928-f0c0ceba5f2d,accusative.academy,available,72,1,10,,,
a0904c9a-0e16-4669-a624-192b331880d7,accusatory.academy,available,44,1,10,,,
62053f97-ce02-46a9-99c3-2fec54d68d24,accusing.academy,available,62,1,8,,,
6e5d7cbc-1201-4f02-9d0a-7847e63fb62e,accusive.academy,available,40,1,8,,,
6e3e8f92-b9fc-41f4-a657-709d46aa64c1,accustomed.academy,available,72,1,10,,,
c4784831-feb2-4801-8c9a-43e27667fedc,ace.academy,premium,88,34,3,,,
4127af09-684c-4c45-8345-15f48a9666a4,acellular.academy,available,50,1,9,,,
126c6917-836f-45c8-b475-afab639336b6,acentric.academy,available,64,2,8,,,
db1635c3-9573-40f3-b5f4-9af825c51bff,acephalous.academy,available,46,1,10,,,
78e1a3fb-bcdb-46dd-b705-ee90ca6cf452,acerate.academy,available,68,2,7,,,
6dfe478e-1fe1-4c30-84ae-d98dc70d96e8,acerb.academy,available,50,2,5,,,
5d1f6e15-b5a6-4e32-9621-fd8f92357872,acerbic.academy,available,50,3,7,,,
dff9f169-ce43-41b9-bdd7-fe3a6dc13f66,acerose.academy,available,50,2,7,,,
972442d0-ae58-4061-913a-61256e3bad74,acervate.academy,available,66,1,8,,,
ca555dab-8c6a-4cbe-8e00-a1513d4c0281,acetabular.academy,available,46,1,10,,,
b2b07913-0e88-4714-b6d5-1a923709f95b,acetic.academy,available,58,1,6,,,
7fe9ed2f-9ad8-4f18-8b9c-2fe9a2df1724,acetonic.academy,available,46,1,8,,,
662af434-c401-498b-a516-986e4ba3a4aa,acetose.academy,available,50,1,7,,,
7ef55141-4788-4381-9351-31ad51f845a8,acetous.academy,available,50,1,7,,,
799d2572-faa1-4a2d-8d9b-707ea87d3cfe,acetylenic.academy,available,46,1,10,,,
75d081de-b328-4377-aa40-c61aa356593d,acetylic.academy,available,46,1,8,,,
ced4dc12-cce3-4e74-88f6-25dcc0c12e43,achaean.academy,available,68,2,7,,,
b3613f8e-c1ef-40ce-be71-3b30fe6504b6,achaian.academy,available,68,2,7,,,
3f3f296d-a7a3-4178-8456-a9c85dfd86dd,ache.academy,available,58,8,4,,,
ac1fc40d-423d-47b1-bfb4-cc2748275de5,achenial.academy,available,46,1,8,,,
c89190f2-5e79-4d1f-b1f8-dad29f0a6865,acheronian.academy,available,46,1,10,,,
7c83a30e-f7d5-49e9-bc3e-a53bfe449017,acherontic.academy,available,44,2,10,,,
ad63dd5f-430c-4e1b-99fa-a7fcadfebb6f,achievable.academy,available,74,5,10,,,
94233ad5-8b1d-4a66-9429-27e3627eaeb3,aching.academy,available,72,4,6,,,
20587e79-f5ec-4131-a75d-cee3e3cf0e69,achromatic.academy,available,54,5,10,,,
5bd95530-f9d4-4723-8fa8-2801f4289ce7,achromic.academy,available,46,2,8,,,
ce9bad26-d262-417f-87d1-634e240fe934,achromous.academy,available,46,1,9,,,
32a2c4ea-fd42-4ffc-8c46-f5d8c4262e19,achy.academy,available,54,3,4,,,
02556e1f-5ce0-4b48-a62f-e831232033d8,acicular.academy,available,46,2,8,,,
007d5198-63dc-4046-aac0-4beba38746cf,aciculate.academy,available,46,1,9,,,
42225adb-a850-40f8-b658-e7fbda317cbb,acid.academy,available,88,22,4,,,
3925d5ac-6a45-4cf7-9fda-a79f8d34cb03,acidfast.academy,available,46,1,9,,,
355f5cbb-18db-4a4a-9608-6a8a92bd01df,acidic.academy,available,62,5,6,,,
5f280004-d026-4811-a3d0-136492d9a191,acidotic.academy,available,46,1,8,,,
c0a8d27c-e861-447f-88fd-06c5ac0b142b,acidulent.academy,available,46,1,9,,,
5d58dd29-2b4f-40e9-94be-5428c8acee94,acidulous.academy,available,44,1,9,,,
c5acba2a-0d1a-429b-9270-39d209bc5e0d,aciduric.academy,available,46,1,8,,,
2d75ea5c-00a3-4273-9ede-97e850b6fe61,acinar.academy,available,50,2,6,,,
712ff756-bbd8-4606-aaf9-45575ea18e8f,acinic.academy,available,50,1,6,,,
32656d8c-ec45-4b12-8750-f9987b595cf8,acinose.academy,available,50,1,7,,,
fa88958d-04a6-4a14-8193-485e9b5931b8,acinous.academy,available,50,1,7,,,
dad2ec49-99f4-4f7f-ba55-311c441f3e38,ackack.academy,available,58,3,7,,,
586529c2-0604-443f-a5df-66c0cbaf6ddd,acned.academy,available,43,1,5,,,
b1042a44-acdb-48a8-98d1-51061c4cb35e,acneiform.academy,available,39,1,9,,,
a491ad40-cd7f-462b-b10a-b06261b4f992,acold.academy,available,51,2,5,,,
8e4ae8c6-18ca-4051-9a90-f14d826eeb39,acoustic.academy,available,76,14,8,,,
57378347-6697-4b95-853e-f6f68bd906fd,acoustical.academy,available,54,5,10,,,
9db5e0b2-380d-4eec-b7f4-2da103023586,acquirable.academy,available,47,2,10,,,
985a1df3-1be0-418e-8eca-e89ae541bbe6,acquired.academy,available,47,8,8,,,
dd6df397-9961-47d4-9b14-0031c6794700,acquitted.academy,available,50,1,9,,,
5cc7f344-6bf1-4714-a8bf-10bc68685c28,acrid.academy,available,47,2,5,,,
b8532f86-e619-4ad6-9254-e89a0e4725c4,acritical.academy,available,46,1,9,,,
a9725a53-f839-4bb6-86b8-ac7925e78e9a,acrobatic.academy,available,66,4,9,,,
c827c03a-5e87-4f83-9f93-a29fedfc33dd,acrogenic.academy,available,46,1,9,,,
028d80c6-2bc3-4f13-a52d-1ca77fb82b51,acrogenous.academy,available,46,1,10,,,
7e059b3f-ec2a-4a1b-a0b2-f5ea34b183a1,acronymic.academy,available,46,1,9,,,
3198a964-9b35-4a73-b50b-4520aaa34ccd,acronymous.academy,available,46,2,10,,,
61a9e46f-bb3e-4807-9304-1794ac6c8b04,acropetal.academy,available,46,1,9,,,
d1c33abf-35ac-49e2-848f-1019a7aef162,acrophobic.academy,available,64,1,10,,,
2ef73e2f-ab36-4408-ae79-a16033960b99,acroscopic.academy,available,46,1,10,,,
927b889d-94f9-4fdf-8ded-2f69374e693e,actable.academy,available,50,3,7,,,
2652a2a7-225a-49c2-a263-e798e29a9c47,actinal.academy,available,50,1,7,,,
7324d4e9-023f-4cf1-b796-ebdcc8de6fca,acting.academy,resell,84,12,6,"Sav.com, LLC - 9",07/11/2024 17:00,07/11/2025 17:00
20712a93-9c1e-4f6c-8fe7-1270ef17fb56,actinic.academy,available,50,2,7,,,
d9fe8ace-6ec9-415a-bb93-aa738cdd30ce,actinide.academy,available,46,2,8,,,
851fbb2f-80a8-423b-b0b8-6d8541144833,actinoid.academy,available,64,2,8,,,
4ff98224-6dd6-44ee-ac16-aae3a5e530fb,actinon.academy,available,54,2,7,,,
7ec12a75-5e17-4d5c-a570-2ed189a06f17,actionable.academy,available,88,13,10,,,
9dc0dac5-6e63-4bf8-be54-e6aae0b85306,activated.academy,available,74,9,9,,,
2c06da3b-7d85-46f3-bd3c-b0c1b5319640,activating.academy,available,68,3,10,,,
13a7975c-0f87-42aa-ba48-1ea21c1ff5cd,activation.academy,available,62,16,10,,,
16862467-ece1-4261-8c28-9329a2335a0c,activist.academy,available,88,13,8,,,
3f4959bf-ec17-45aa-8311-76de9d709d5d,activistic.academy,available,62,1,10,,,
22289059-d8c9-48e1-a60b-e437f7423e6c,actuated.academy,available,54,3,8,,,
e717b7cf-00c8-4b7e-9ad0-49e838ac5468,acuate.academy,available,74,2,6,,,
4365873c-a608-406b-b235-4148cad419c5,aculeate.academy,available,68,1,8,,,
4c2927bf-af0d-4a68-8653-64db788c5e79,aculeated.academy,available,50,1,9,,,
5ed617f0-0dcd-48c1-aa81-cc4c0543b87a,acuminate.academy,available,70,1,9,,,
955fc01b-33bd-476d-afb7-99a7597cb31d,acute.academy,available,112,9,5,,,
acc7597a-6a5e-4137-932d-22fde26965da,acyclic.academy,available,58,4,7,,,
0822cb69-f18c-4ac5-8349-7625dc7ca3dd,adactylous.academy,available,50,1,10,,,
dba94bb1-c1cc-42d3-b24f-6be81976dc4a,adagio.academy,available,64,14,6,,,
35332d0f-35f6-43fa-804b-8f777c56c616,adamant.academy,available,74,14,7,,,
a28a70fd-21b3-46f8-bcb8-e943173f9ce6,adamantine.academy,available,70,5,10,,,
f261f4c6-5976-42ae-8f17-53198f207c60,adaptable.academy,available,76,9,9,,,
a1ce706f-59fc-4620-803a-e0bba28f2e7b,adaptative.academy,available,72,3,10,,,
56c1c64e-2722-4ebb-8ce8-2d847ceab4a0,adapted.academy,available,74,7,7,,,
11a5b317-7d86-445f-b057-35e5b5676fb7,adaptive.academy,available,76,28,8,,,
c5f23775-a5d1-460b-b751-77c2daa7934f,adaxial.academy,available,54,3,7,,,
ef70f19e-7405-4737-9a83-95e3f4e2db3c,addable.academy,available,76,3,7,,,
d7bc187c-adcb-44df-b049-9b290892e868,addible.academy,available,58,3,7,,,
0ae7ce93-a1c3-4107-8408-b78a5a16d017,addicted.academy,available,72,10,8,,,
217540c6-89cc-498d-a989-c1a0ee1f41ed,additional.academy,available,90,9,10,,,
eba129b9-ed66-4259-84e5-6f7fd480dde4,addled.academy,available,56,3,6,,,
7ac50296-8776-4bd8-80d7-447dffc398c6,addlepated.academy,available,46,1,10,,,
a63180b9-3abf-4134-9f52-094f1a9bdb86,addressed.academy,available,58,3,9,,,
cc2afa12-c29b-4f4c-b8df-d8c83ad101dd,adducent.academy,available,54,2,8,,,
e9007cae-acc3-4d81-a6aa-624d59426d48,adducting.academy,available,54,2,9,,,
14fb49f6-ea0e-4446-83a3-1488074231ed,adductive.academy,available,54,1,9,,,
f3d90770-ee4f-4a0b-80a7-4f0a0a8f265e,adenoid.academy,available,74,2,7,,,
8fc1adab-e4b9-447f-9dd7-521555aa0e40,adenoidal.academy,available,52,2,9,,,
7c50deba-0bea-4696-ac5b-257a9c4d2a7d,adequate.academy,available,94,10,8,,,
0a1f175c-ec1e-4a0b-be6d-c95f744413ad,adherent.academy,available,76,5,8,,,
c6957463-4987-4f84-8c75-cfa1ea6c91c4,adhesive.academy,available,76,8,8,,,
ae085699-fc13-4aa6-b887-3b0806c4827a,adhominem.academy,available,50,3,10,,,
3238fcde-e516-47a0-9511-38b55c2f11e7,adiabatic.academy,available,72,3,9,,,
065abf19-7d8d-4d99-8a33-1648a56eedfd,adient.academy,available,58,5,6,,,
e93ad8c4-80cc-4eba-af1d-a5c3d79be35d,adipose.academy,available,76,2,7,,,
0b7808ad-1ed0-455c-9135-14c72b90953d,adjacent.academy,available,78,9,8,,,
f77f51c7-3c1d-4ada-8369-1d4f9e757f00,adjectival.academy,available,72,2,10,,,
21cbb78c-6ada-4f8e-a778-91d00e6f219d,adjective.academy,available,92,6,9,,,
a6557724-232a-4527-b524-018ea3da00a8,adjunct.academy,available,100,5,7,,,
6c31bc66-d684-4f27-af7a-4e2ed0b10283,adjunctive.academy,available,72,2,10,,,
db69294d-9db0-45b9-b1f7-70ed9bba7a42,adjuratory.academy,available,54,1,10,,,
eea64476-bf2f-459f-8007-c0047d4ecf22,adjustable.academy,available,84,4,10,,,
04bbc17c-4cba-4190-b850-85978d084b0c,adjusted.academy,available,70,5,8,,,
f6c0dbf7-c48c-45e6-8210-f8ce39429c53,adjustive.academy,available,58,2,9,,,
62edc13c-9cf0-45a3-8c57-5b252be6aac1,adjuvant.academy,available,62,6,8,,,
d3494824-504a-4cef-a744-b7e963eb28f8,adlib.academy,available,88,7,6,,,
bd252fba-1375-4d05-ae00-35246bc3dd20,admirable.academy,available,74,6,9,,,
73950055-9f35-4ab1-bdef-d701f3af8191,admired.academy,available,70,6,7,,,
2ff1f7a4-11b8-4f9c-91d6-fd4fa1ed67b6,admissible.academy,available,62,2,10,,,
3c8fd62f-399f-4972-9453-84fbe73b6082,admissive.academy,available,56,2,9,,,
12704c5f-1a0b-485b-aab8-7ae2f4281fcc,admittable.academy,available,56,2,10,,,
a479b4b9-66e3-403c-a127-5577df5ec592,admittible.academy,available,56,2,10,,,
79bb5f16-dd06-4cfa-a195-c6d68f829292,admonitory.academy,available,54,1,10,,,
00f5698c-81da-40a9-aa37-b600356557e5,adnate.academy,available,60,2,6,,,
98cfc972-8617-4d71-a4c4-d473784c2aba,adnexal.academy,available,60,2,7,,,
1875a643-e9b5-4d5b-b607-c797f7e19c0a,adolescent.academy,available,86,4,10,,,
c062a33a-7321-4b5d-8eed-70a469c7f630,adonic.academy,available,72,3,6,,,
84cb7a20-f965-46a9-8919-a71bd435a58d,adoptable.academy,available,80,4,9,,,
355e3140-eed6-4414-b2fd-4f2fdd38c1d5,adopted.academy,available,66,5,7,,,
51eb2dd9-84b6-4998-8ffb-dd8c4cfb604b,adoptive.academy,available,62,2,8,,,
798a40f2-8e2d-4ecf-b161-804b5f3d10ef,adorable.academy,available,78,9,8,,,
ba4d8296-df3c-4483-9ced-60b440d3ae73,adored.academy,available,70,7,6,,,
7e8b8f23-af45-441e-97f1-dac80b303e27,adoring.academy,available,90,3,7,,,
b4750ada-46c3-4de1-a8a5-e4842ff856f5,adorned.academy,available,66,5,7,,,
d8996b99-0084-48f7-b98c-105c2bea6bb2,adpressed.academy,available,54,1,9,,,
cdb6a174-a5c5-43e5-b99f-a42a0e6f0ccd,adrenal.academy,available,78,4,7,,,
d795c383-3934-42d3-a90c-d47478e10944,adrenergic.academy,available,74,1,10,,,
97446620-0a97-44ff-9d33-9c99880392a1,adrift.academy,available,62,10,6,,,
3c0fc4b6-34f9-435a-9b21-3046a63afc9d,adroit.academy,available,72,14,6,,,
c74cf5d8-c1e2-4d2e-8b16-a7ade94a589e,adscript.academy,available,94,3,8,,,
b367a5b8-1405-4896-8eaa-5c68e7cd88c0,adscripted.academy,available,54,1,10,,,
48c82a55-7465-4db6-8245-9e701744e5f4,adsorbable.academy,available,56,1,10,,,
a97ae96a-6d4c-438d-a6e9-cbcd3f351311,adsorbate.academy,available,60,1,9,,,
ba35d087-e610-4cdc-8e77-d9d17a117067,adsorbent.academy,available,74,1,9,,,
427749f2-7b30-447f-9df7-06f8cbfbb486,adsorptive.academy,available,74,3,10,,,
270ff796-e29c-4d7f-803a-62eae68434d5,adulatory.academy,available,50,1,9,,,
2b1527c3-dcf0-4ddb-80ca-2950fb018eef,adult.academy,available,110,23,5,,,
879375cc-5856-4c48-8a34-1691583ece7d,adulterant.academy,available,54,1,10,,,
a22fa155-1ebd-4719-8166-fc67d7528153,adulterate.academy,available,74,1,10,,,
47921f04-b6f7-4234-8e2e-ff5f4d12d6c9,adulterine.academy,available,68,1,10,,,
b7c0ea40-86f3-40f5-b6b7-6d0fc2011f09,adulterous.academy,available,50,1,10,,,
02ce0b7a-9745-4df8-a428-99b71ca97158,adust.academy,available,54,2,5,,,
0a775223-0cb4-4bf8-8e50-ef3a6b1197b1,advanced.academy,resell,74,25,8,"Sav.com, LLC",24/08/2023 17:10,24/08/2026 17:10
316c343e-221c-4617-9cd9-998dd3cd0cf6,advective.academy,available,50,1,9,,,
080e2e7f-2a7b-4896-8c22-c35ce223c72b,adventive.academy,available,68,3,9,,,
c8cbf701-0b0b-4c0d-8b52-752cd0cfdf9a,adverbial.academy,available,66,1,9,,,
4fbe9155-9140-4fee-afb1-9cc997050328,adverse.academy,available,54,7,7,,,
6e451433-197a-4787-839f-13b6b0dd714e,advertent.academy,available,56,1,9,,,
02f96ada-f57a-4565-be6e-93f3747f4428,advertised.academy,available,54,3,10,,,
796ae404-760c-4cd5-8901-f2761fd102c5,advisable.academy,available,62,3,9,,,
8295ef0f-9798-41f3-be79-ac40f8110a0e,advised.academy,available,66,4,7,,,
1d150f98-c129-40d0-a57c-6010cd6835a2,adynamic.academy,available,50,1,8,,,
e2248661-3c86-498c-ac3b-673a77dd8f7a,aecial.academy,available,54,1,6,,,
98fdd4fd-be85-432f-aa15-f8fa6e0fef3e,aegeansea.academy,available,60,2,10,,,
f2127825-6256-44af-8ec8-495f99cc60dd,aeolian.academy,available,72,7,7,,,
02f6232d-9e54-4f5b-890d-97bed94bed79,aeonian.academy,available,50,6,7,,,
4cf95f0d-7e14-4870-aec5-3c9406fa9056,aerated.academy,available,68,1,7,,,
3e494c4d-b47e-4bd0-a296-ae07e26a4c08,aerial.academy,available,88,19,6,,,
4c610dcf-a841-4e23-9b98-9d7dfb345f67,aerie.academy,available,74,8,5,,,
875077dd-a78a-448f-a482-9bb6b1d72db7,aeriferous.academy,available,46,1,10,,,
f2ced635-591b-49a3-9d1a-aadcbf8e452d,aeriform.academy,available,56,3,8,,,
4c06e683-c99d-4be8-b272-b06c4638be08,aerobic.academy,available,74,5,7,,,
6789bd87-6f32-4e20-96a6-ef09f6691862,aerobiotic.academy,available,64,1,10,,,
71cb025e-ec04-4851-a299-05b5ce99707d,aerolitic.academy,available,46,1,9,,,
e476e68c-7e48-497c-9a57-fc9641fceaf0,aerophilic.academy,available,64,1,10,,,
e9f4cec1-678f-4365-ae5d-cc2a75f3ae6b,aery.academy,available,88,5,4,,,
fe2ba1f1-7401-411d-8f9e-cb08c46b1845,aeschylean.academy,available,46,1,10,,,
eb522aba-a9d9-4eaa-b58f-a469bef9a4cf,aestival.academy,available,46,2,8,,,
e8eebd57-670e-4053-bbae-bf3850d0c516,aetiologic.academy,available,46,1,10,,,
ef94b10c-d4b1-47a8-8a9e-f902de7952ac,afebrile.academy,available,64,1,8,,,
8ab7a370-2e1d-414c-b874-d8e04ec59216,affable.academy,available,80,5,7,,,
48ce4851-7e88-4177-8da7-50474f09fed7,affected.academy,available,72,2,8,,,
6716d404-9f40-4edd-9276-b3049ec3bf8e,affecting.academy,available,62,1,9,,,
ca998d16-200c-4983-8591-4d3526efbbf5,affective.academy,available,56,5,9,,,
31f0f43f-4422-498c-b9e3-b426569ffa62,afferent.academy,available,70,3,8,,,
2d278bf9-bd65-4dd6-bac9-8d2827dd19a5,affiliated.academy,available,60,10,10,,,
93030f45-9520-44b0-b626-5a92321021ea,affinal.academy,available,50,2,7,,,
01b3fab5-8b8d-483c-ab71-1931881c5936,affine.academy,available,94,14,6,,,
e9644d7e-bd58-462a-bf58-7a692e997790,affined.academy,available,48,1,7,,,
4097cab2-b21c-49b5-8adc-9d7b1861bc50,affirmable.academy,available,62,1,10,,,
1d469a96-f225-4450-b03f-febab6b0e5c1,affixal.academy,available,54,1,7,,,
a1ff9017-964e-42eb-8256-20c9b8d21ca9,affixed.academy,available,54,2,7,,,
241f1e29-48f3-4b64-a364-3cc22b383e99,affixial.academy,available,50,1,8,,,
e4ca79d0-2fda-4eec-b689-10e2672a87bc,afflicted.academy,available,54,3,9,,,
ef872b1f-f823-4adc-a0ff-2f8e85bb6f4b,afflictive.academy,available,54,1,10,,,
99734e9e-9fff-4965-9f27-d52b69ae8a76,affordable.academy,available,70,19,10,,,
026d4e9b-c4bc-4ed3-aa99-c8cf94913885,afghan.academy,available,54,10,6,,,
67865679-30b6-4257-bbde-109ca0c1f91e,afghani.academy,available,68,3,7,,,
e151c735-9ad3-40e2-b3ef-cdb0ac22800d,aflame.academy,available,64,4,6,,,
283c7e9d-bc13-4975-b1f2-9be655145927,aflare.academy,available,66,3,6,,,
13d084d2-13ad-4c40-928d-8f3c8b15de15,aflutter.academy,available,62,2,8,,,
648b0db5-10ae-4c59-9376-e6e50343b794,afoot.academy,available,58,3,5,,,
b7aebdb6-b5d5-4d8d-82f4-84ebb75ecedf,african.academy,available,68,19,7,,,
7718c034-5269-4e1f-ba92-3ef1157a3d58,afrikaans.academy,available,74,5,9,,,
f8b31250-0f36-4034-b2f2-9b48032849f9,afrikander.academy,available,50,1,10,,,
7047ac63-a5e9-42a6-b31c-1cd618888b49,afrikaner.academy,available,50,3,9,,,
9b7659b4-57ff-4477-ad1d-4c30ae08d720,afroasian.academy,available,46,1,10,,,
ad7aa1a9-7c87-4bb1-b28d-db1b57c17eb0,aft.academy,available,50,14,3,,,
fa53c2f8-9053-4436-b590-8149fa1fcc94,aftermost.academy,available,54,1,9,,,
d522102f-37e8-48e4-b786-41ff41e7539d,afterward.academy,available,40,3,9,,,
bc7191f2-ef38-40b6-a051-df658a20b229,afterwards.academy,available,40,3,10,,,
b8877ec6-83cd-4034-8896-e2a202691167,agamic.academy,available,50,1,6,,,
cb49b736-3e82-443d-9d26-fdfb80a9702b,agamous.academy,available,50,1,7,,,
4bc00315-a9e8-44a7-964c-555bfd3c1159,agaze.academy,available,56,2,5,,,
0e27bd10-d6b1-452f-bc2d-889cd7137315,aged.academy,available,90,8,4,,,
d5eb82e0-ebf7-4f12-8166-e1a5a499c85c,ageing.academy,available,86,4,6,,,
8486496d-c9f4-4df8-94c5-2ecdb8b72087,agelong.academy,available,58,1,7,,,
12daffe6-5ad6-4295-b7c3-6ede6ff8a73b,agential.academy,available,72,3,8,,,
a230da95-a072-4dbd-9a60-e7ae747536b7,ageold.academy,available,62,1,7,,,
55263162-fa6d-4bca-be3c-773b993012a7,aggravated.academy,available,58,2,10,,,
73bcd28a-7b0f-48c7-8d38-52a77dd3c94d,aggregate.academy,available,96,12,9,,,
b1f022f1-3069-42e6-8308-9ec2b8d8add4,aggregated.academy,available,56,3,10,,,
d638ef54-765f-44c4-b7b8-0b2c18aac574,aggressive.academy,available,84,6,10,,,
89fab71b-ec95-442c-b5df-6f2d5bd37338,aging.academy,available,86,11,5,,,
66470f81-15a7-45d7-8613-fa1c51219774,agitated.academy,available,58,2,8,,,
a30c49b1-23c4-4d5f-8d9f-a43fb520b09d,agitating.academy,available,54,1,9,,,
40a9d5de-2b7e-4a84-8666-ebe78051a6e1,agitative.academy,available,52,1,9,,,
9aec40fd-2396-4db9-918c-1752ff0bde12,agleam.academy,available,60,1,6,,,
4e7d8689-7c67-4906-b83a-686cfcf2d87b,agnate.academy,available,76,2,6,,,
4db4ca38-982c-4795-af42-32d7f6c3ce0c,agnatic.academy,available,58,1,7,,,
f636c589-c1b2-445c-8f1f-4304d4584415,agnostic.academy,available,84,8,8,,,
407883b0-e7a8-4381-9785-45ce404379a5,agnostical.academy,available,58,1,10,,,
341672ec-acd5-4a1c-a1ab-05b48d892e9e,ago.academy,available,66,17,3,,,
183ae97e-334f-4a90-9c2c-5b820984b41c,agog.academy,available,76,5,4,,,
49c1aa24-2d14-4b34-97e3-6dac7099503e,agonadal.academy,available,54,1,8,,,
92092acc-51f6-42ca-bdd1-3b92ff688e3d,agonal.academy,available,58,1,6,,,
ff3ab9e1-0c97-4d91-99b0-7e090bbabbb5,agone.academy,available,56,3,5,,,
15e85c6e-abd6-41b1-a31b-4e721c473c20,agonised.academy,available,54,1,8,,,
f0072df4-bac4-44b2-80a0-09d626da1c54,agonising.academy,available,72,1,9,,,
e255d45c-79dc-4dd3-af62-ef6d731ae515,agonistic.academy,available,56,1,9,,,
c739bd76-7434-4eb3-96ae-68b3da951326,agonized.academy,available,54,1,8,,,
b1b43742-96a5-4a3e-af13-a4a4b5ab9d66,agonizing.academy,available,72,1,9,,,
aae0e520-4a2f-4b5f-85bd-26db252a60d3,agraphic.academy,available,50,1,8,,,
f6a1ac58-8932-4ee1-abbb-d4b28af7a075,agrarian.academy,available,82,3,8,,,
c0825d8a-f0da-46b5-b206-df5ab0952b19,agreeable.academy,available,92,3,9,,,
82a35d38-e860-427d-a100-111d3b96cc1e,agreed.academy,available,96,6,6,,,
985c49b8-ed1c-4c3c-9e5a-adc45ef19a45,agrestic.academy,available,54,1,8,,,
8cd42566-d8f8-462d-b26b-2154c2a9e858,agrologic.academy,available,54,3,9,,,
9ce070b0-74f1-45cc-99c5-da9d3f0e5ac9,agronomic.academy,available,54,2,9,,,
0a38a1a5-15f4-455c-8b41-55c084f33151,aground.academy,available,60,2,7,,,
42830e5b-2118-4fae-a2b4-43e0de92db7a,agrypnotic.academy,available,68,1,10,,,
945b12c6-cb12-44cd-aef1-ebfd386c65a7,aguacate.academy,available,56,6,8,,,
12102fb2-26be-4713-a8f4-b8f067bbe2c1,ague.academy,available,76,1,4,,,
c2349804-aeee-4e4b-ae5e-376693d955c1,aguish.academy,available,56,1,6,,,
349fc3b9-20b7-42f0-ac8f-56dcf0c03cb4,ahorse.academy,available,46,2,6,,,
66f21c7f-c279-4c86-b691-17fdff7cf0e6,ahorseback.academy,available,52,1,10,,,
d0c0cd81-0fcd-466c-b2f5-a3ac7124577c,aided.academy,available,72,5,5,,,
47fb99b8-1c3f-427d-82be-7e3bdb547eab,ailing.academy,available,82,3,6,,,
637b2fef-4236-4217-9e9f-0c5e688fd3c2,aimless.academy,available,54,9,7,,,
041aa9f8-ff8a-4862-a150-e68d8e8c4522,ain.academy,available,56,16,3,,,
978f3dc6-0eeb-4f00-b2f6-6cf8b3450fae,airborne.academy,available,78,14,8,,,
45c31646-8f85-4dcf-a772-d732061c83c7,aircooled.academy,available,64,5,10,,,
7f1da1cf-c50a-4a56-ba31-c2af567a6632,airdried.academy,available,58,1,9,,,
57d01039-b993-4aef-b4c5-b2d5ac52f0f2,airdry.academy,available,64,5,7,,,
69989033-377b-4fed-8bf6-2ae01ecf8cbf,aired.academy,available,56,7,5,,,
61f7581b-e743-4a15-b064-8e3b9491025d,airfilled.academy,available,58,1,10,,,
ba65374d-398e-4a88-a7ce-dd7ab382bd0b,airheaded.academy,available,48,1,9,,,
eaf766b5-9e32-4d90-b152-f0a542f9d443,airless.academy,available,52,5,7,,,
6d01f4c5-2437-4324-bc50-a50b9782b348,airlike.academy,available,68,4,7,,,
a8a2098e-9fe2-4a15-9371-6860aca7c282,airsick.academy,available,52,1,7,,,
e9ca9254-07cd-448e-8a8d-4dafc0807367,airtight.academy,available,64,8,8,,,
285929ae-f865-48fb-bc45-c25ddc4c3fab,airtoair.academy,available,58,2,10,,,
01fb7d85-5b9e-450e-9212-9d8f865c340b,airworthy.academy,available,58,3,9,,,
32b9401d-d874-4da3-bae2-6af4d7b78215,airy.academy,available,70,9,4,,,
4163b0f0-3c75-40a5-adac-9cc035bb1e1d,akimbo.academy,available,66,10,6,,,
38270678-0d64-4894-94af-404516708f4a,alabaster.academy,available,82,8,9,,,
6990bea3-c934-4ab6-aa37-cbdde2a340c6,alacarte.academy,available,58,12,10,,,
37b4a9f9-5435-4c3b-af99-a51a233dc0be,alacritous.academy,available,58,1,10,,,
743b62b7-51a1-4b9b-8e84-323e924a350d,alamode.academy,available,96,12,9,,,
acbca360-93f8-40b1-9b40-a18a0de0d7d9,alar.academy,available,60,6,4,,,
95cc863e-b22f-4ae5-aec9-c125da34f7c7,alarmed.academy,available,52,3,7,,,
5ced8629-0885-4c08-8dbd-00b28d6cfd89,alarming.academy,available,46,3,8,,,
db595bcd-ebbe-455b-aaf7-e7896247f94f,alary.academy,available,56,4,5,,,
57b8bcb1-4a2a-4a45-9f01-611e54f9cf8f,alaskan.academy,available,76,9,7,,,
9f847984-dfa1-425a-ab8f-e616b987e724,alate.academy,available,82,2,5,,,
50c323c4-0769-4e99-b1d3-1c649de2af78,alated.academy,available,56,2,6,,,
8360b09d-dbef-45a5-8a12-073333bedb2e,albescent.academy,available,54,1,9,,,
de286dce-5ebc-498e-89cc-1bdf00fcccb0,albinal.academy,available,56,1,7,,,
760ab5a8-64be-4bfc-8d96-7a264d48b290,albinic.academy,available,56,1,7,,,
565cf800-bd91-4114-a04b-497c29438cd7,albinistic.academy,available,52,1,10,,,
39c507df-359e-4182-9757-46b20acdb8f0,albinotic.academy,available,52,1,9,,,
3fb75501-f987-43f9-80f3-b2f17cf33821,albitic.academy,available,56,1,7,,,
3182fa48-deee-4f86-bb5c-e06554618613,albuminous.academy,available,54,1,10,,,
22947e20-46fb-4d2d-bd99-0d02a12e0470,alchemic.academy,available,52,6,8,,,
76c1a90f-0e32-4588-b3f0-929106309c09,alcoholic.academy,available,72,7,9,,,
28a8f291-b020-431d-b316-05cf2787c378,aldehydic.academy,available,52,1,9,,,
6c77b6c3-638d-4e76-9c4a-934a7574a8bf,aldente.academy,available,62,9,8,,,
cc7d6b5f-b687-46af-9093-bd59fc1e19bf,aldermanic.academy,available,52,1,10,,,
1a49c844-a34a-40ca-a65f-566d290492ab,aldermanly.academy,available,60,1,10,,,
25ec6a4d-2f24-4fe1-a28a-3f0f38fe512b,aleatory.academy,available,52,3,8,,,
aaad515f-d0c7-49cd-8b4d-976dc598f9a6,aleuronic.academy,available,52,1,9,,,
9d830c97-993a-4958-87b6-cc8836cea12f,aleut.academy,available,84,3,5,,,
3bc90d15-ee8f-49ec-9b2c-8f56b0ca06f6,aleutian.academy,available,70,3,8,,,
fdd3aca1-abfb-4fd4-a9fe-1744ed757156,alexic.academy,available,56,3,6,,,
c4451e16-8654-42bc-9212-934daf334141,alfresco.academy,available,66,8,8,,,
afbdfaa4-890f-455b-8e71-ecb0db3569f3,algal.academy,available,74,2,5,,,
033df125-a1f0-4138-9ba8-ef94e092e45b,algebraic.academy,available,52,5,9,,,
637e70c2-9fc6-4c8e-84f3-6068d0072d8a,algerian.academy,available,72,3,8,,,
20743fa9-c8b0-4ec9-a2ab-a24e1d956ceb,algid.academy,available,52,2,5,,,
c13b1073-cc7c-41d6-ae65-2584d6d3145e,algoid.academy,available,52,1,6,,,
f0d03f46-69be-4096-a211-3c21376aa0be,algolagnic.academy,available,48,1,10,,,
2d1e86d1-dcfe-4f86-8e81-567651f74577,algometric.academy,available,48,1,10,,,
dc41b920-7d02-4b36-a7fd-d9dc358acd28,algonkian.academy,available,70,1,9,,,
5caf8a0c-a4d3-4e15-aeee-fc5f4a3247a1,algonkin.academy,available,66,2,8,,,
49147ffe-e07c-4a37-a6fd-953e37955e83,algonquian.academy,available,70,1,10,,,
6d89f835-5696-4771-ac7e-8cd1d45aaf52,algophobic.academy,available,46,1,10,,,
9fc7813d-c53c-44fa-b760-0dad6410a3c3,alienable.academy,available,52,1,9,,,
038d8af5-3175-4a3c-af09-209efd7eef97,alienate.academy,available,82,3,8,,,
6708e80b-6d78-4fd8-b610-c1d2d4d9def2,alienated.academy,available,44,4,9,,,
8e1da3c2-dff0-48b6-8436-8f02056f5a2d,alienating.academy,available,44,1,10,,,
e348b085-5261-4b4e-9012-6e0ccff205c6,aliform.academy,available,56,3,7,,,
4093376d-8c4b-4002-a011-6e178a5ded85,alight.academy,available,86,10,6,,,
c547f3fd-4fe0-469a-a62a-0dbef420deb6,aligned.academy,resell,58,26,7,"GoDaddy.com, LLC",14/10/2019 08:36,14/10/2025 08:36
8c3c75c4-68e8-4265-964d-fd5ab6b82e11,aligning.academy,available,52,4,8,,,
fae9aa31-2bdd-44de-b227-0732b87cca11,alike.academy,available,80,8,5,,,
9161cf49-27ef-4eed-b4c4-195c1fcd5f36,alimental.academy,available,60,2,9,,,
7cc911c2-170d-4112-9a11-4c9952edf544,alimentary.academy,available,62,3,10,,,
52dd62be-8bcd-4f91-85d4-0fdbfa62d7e7,aliphatic.academy,available,64,1,9,,,
27ddf4f4-52d1-468b-a01c-fd9edc890898,aliquot.academy,available,96,3,7,,,
03faa4d4-47d6-4b56-b688-02de6cd7cbf7,alkahestic.academy,available,46,1,10,,,
d9d05948-4cf6-4158-8018-e94c6bb4f088,alkalic.academy,available,50,1,7,,,
ca4af107-db9b-4fc2-8b70-74e5b246a353,alkaliser.academy,available,66,1,9,,,
9c54b1ee-6d47-4309-ab2e-803666a95d00,alkalizer.academy,available,66,2,9,,,
a47044ef-adf9-43b0-a951-6189bf6767ab,alkaloidal.academy,available,46,1,10,,,
f4a1093b-da15-4f12-af59-eb32f5a7c67b,alkalotic.academy,available,54,1,9,,,
ba9a212b-1b7d-42c7-bd93-52fbfd584cc0,alky.academy,available,56,4,4,,,
5173a599-45b3-4e10-9864-2e044b57a1b3,alkylic.academy,available,50,1,7,,,
40679677-7f8a-4ae6-a434-c65814ab7494,allantoic.academy,available,54,1,9,,,
31c0bed8-4c25-41a8-aeec-c04cd638aa49,allantoid.academy,available,72,1,9,,,
a0822235-4218-4533-ab10-b6493e1fdd6c,allargando.academy,available,44,1,10,,,
61f5f273-b9bb-457f-8ed8-d256c75cbcf9,alleged.academy,available,70,3,7,,,
1fd284d7-36ee-4706-8655-4de0fbe573d5,allegiant.academy,available,66,8,9,,,
dfc4d60f-df88-4dab-ad53-6ef4f3bbe55d,allegoric.academy,available,60,1,9,,,
140f0e0c-6c84-4207-87c8-d65089a5045d,allegretto.academy,available,76,3,10,,,
7fc72c30-e186-4545-85ad-4ac623e8165d,allelic.academy,available,50,1,7,,,
5ba18263-ee22-4b31-b754-fdfaf40b6873,allergenic.academy,available,54,1,10,,,
8ce3dba2-5999-4bc6-9811-34c749c1e20f,allergic.academy,available,84,3,8,,,
468479f4-9b2a-4aee-888f-1a326495b151,alleviated.academy,available,66,1,10,,,
4015ff7f-2a25-4b52-90f2-10f0af609956,allfired.academy,available,62,1,9,,,
97bf35d7-52ef-46f1-a9fd-0c614b2f6602,alliaceous.academy,available,54,1,10,,,
4266b986-65e2-4aa1-a73d-f9578230dba3,allmetal.academy,available,52,4,9,,,
79b418a1-138c-43f9-accb-e5fe0eeffcc4,allnight.academy,available,54,4,9,,,
aeffb22a-724d-4edc-963f-0c823fdc4dc9,allocable.academy,available,54,1,9,,,
d21957a6-08a0-4773-9a27-9308b8c6419d,allogamous.academy,available,54,1,10,,,
178ef050-10d1-4ef5-9ded-23e2866d2537,allogeneic.academy,available,54,2,10,,,
cbd070f7-588f-4c24-a633-ebd251b71a48,allomerous.academy,available,54,0,10,,,
60cca63d-6f1c-48ed-9f8b-7f755b2418d3,allometric.academy,available,54,1,10,,,
1f4b53d1-06b7-4f9f-bb8e-8647e7462205,allopathic.academy,available,54,1,10,,,
4dc1eb9b-ca72-4460-a1bc-b2f85eb1c238,allopatric.academy,available,54,0,10,,,
f9038a19-46bc-4758-b3fd-370c736b0a2a,allophonic.academy,available,46,1,10,,,
62c04789-75c6-4573-80ae-9a06c5cf5499,allotropic.academy,available,46,1,10,,,
50565754-2f5a-4d42-b6a9-57483d435532,allotted.academy,available,62,1,8,,,
eb9369a0-a1bf-41d6-b7ca-95eefab6d694,allout.academy,available,84,9,7,,,
5c671fdc-d797-45d7-8c91-a92b928e1881,allover.academy,available,58,9,8,,,
3825a1b0-c529-4738-bd06-9b5aee37ec46,allow.academy,available,72,8,5,,,
1f5909af-10de-44e4-9f44-3c640924988f,allowable.academy,available,82,1,9,,,
519ba529-d445-45f9-b04e-4463695a6ae4,alloyed.academy,available,58,4,7,,,
b659f40a-5478-4484-9bb0-d950bb4dd23a,allright.academy,available,68,8,9,,,
f4e06f20-ec6b-4048-b8a0-8f106041893d,alltime.academy,available,72,11,8,,,
eda94c53-3b22-4f56-a501-c18ae3930158,alluring.academy,available,88,5,8,,,
03cdbcbb-2a20-4400-94ef-1d6715864024,allusive.academy,available,60,2,8,,,
c2c9b5ce-e721-4802-b97d-53f4ee755cac,alluvial.academy,available,82,4,8,,,
aebd113f-6d9f-4cec-a1ab-a9ee685307f1,allylic.academy,available,50,1,7,,,
58124569-220d-44f0-951d-cceb479b1e97,almighty.academy,available,62,9,8,,,
d4bbd861-bd92-487b-8384-f62a6ebbd398,alone.academy,available,78,12,5,,,
2394186f-a6ac-4d98-8c59-30edbb875378,aloof.academy,available,66,5,5,,,
223c6411-7115-4aca-a5f4-11003dc8692f,alopecic.academy,available,42,1,8,,,
29740b91-6362-45c7-a70a-b318a3a4add2,alpestrine.academy,available,46,1,10,,,
9b632ac6-ec00-4ae8-8fee-2c21854708eb,alphabetic.academy,available,66,2,10,,,
615c83c3-f8c2-49a0-91f4-174fa8cf5086,alphameric.academy,available,62,2,10,,,
ffb4e741-8371-4f41-bf21-5d437620d83a,alright.academy,available,106,10,7,,,
7ce39aa2-d4fc-4a92-a838-017ce710d78b,alsatian.academy,available,58,2,8,,,
a6e70d50-7dae-453f-8ef5-0c3bb79a6543,altaic.academy,available,54,2,6,,,
0dca2c6b-3b6d-41cc-971c-68b050b3ac5e,alterable.academy,available,80,2,9,,,
6a9ebe5f-ea91-41cc-a05b-9bd124bea445,alterative.academy,available,74,1,10,,,
842de173-3b6e-4d27-816b-53ce1cbe609f,altered.academy,available,82,10,7,,,
c566b386-ec8a-4cea-a8d6-752d8dbf21f8,alternate.academy,available,100,12,9,,,
bd2be4e7-2f86-485e-aa2f-24a16e1e0853,altissimo.academy,available,54,6,9,,,
935efe23-4402-440c-b1ff-81262dd74391,altogether.academy,available,76,6,10,,,
dc7a4ec1-a5b6-47cc-a3d7-35eb58f6cdc2,altricial.academy,available,68,1,9,,,
503ed7b1-f402-4533-bcb5-a565884a5af9,alular.academy,available,54,2,6,,,
0f3ad195-7152-4aab-80f8-bfebdf9698d7,aluminous.academy,available,56,3,9,,,
a769e71c-6450-42b6-974c-890ed701e23b,alveolar.academy,available,80,1,8,,,
5251e703-8aa7-458a-9b21-4c0951d91608,alveolate.academy,available,74,1,9,,,
fe05f7d1-be7c-4531-95ed-fa72f24a397d,alvine.academy,available,54,3,6,,,
74806791-3e87-4bb5-8a40-add1276396b7,amalgamate.academy,available,82,5,10,,,
48f7e96a-1b7c-4ce3-a54d-4f97faa859c5,amateurish.academy,available,52,1,10,,,
7be896ff-0850-4dd7-9eae-df8d10a16389,amative.academy,available,60,2,7,,,
1dacf8b4-ad9f-4870-b6cf-412089bb1706,amatory.academy,available,60,2,7,,,
94a53c71-288a-4660-bef4-fdbc777cb8bb,amaurotic.academy,available,46,1,9,,,
f1dc62ce-594b-48b7-8000-47d39044ccc9,amazed.academy,available,72,5,6,,,
2a6056ed-789f-48bb-bd12-78f79d939778,ambagious.academy,available,48,1,9,,,
4910e3fe-3ed2-4646-b49d-a36a76b717f3,ambiguous.academy,available,58,7,9,,,
8bb66a35-2548-45e3-8ad0-5fc14c194dd1,ambivalent.academy,available,43,4,10,,,
cb4978de-881c-434e-b32a-5004bc817677,amblyopic.academy,available,46,1,9,,,
5714bda5-a055-498f-9c3f-c604b0bcdc28,ambrosial.academy,available,62,4,9,,,
6d0630aa-1db3-4033-b952-622331c22965,ambrosian.academy,available,72,2,9,,,
bac1d55c-cc1f-4523-9942-c25e25f4018d,ambulacral.academy,available,68,1,10,,,
00480811-0d56-40b2-80be-57ea5150d612,ambulant.academy,available,74,3,8,,,
5a7381fb-cb0f-488e-b630-8b455ce24030,ambulatory.academy,available,74,2,10,,,
6bbd1fa8-28d6-4ae3-8af4-9416a400ec89,ameban.academy,available,52,2,6,,,
bf571883-1d52-4d6a-867f-17d5189c18d2,amebic.academy,available,56,1,6,,,
8cb05f34-53fa-4f61-af46-17a8934f4945,ameboid.academy,available,74,1,7,,,
e70a5f9a-e64c-4e41-b309-4cc28523a899,amebous.academy,available,52,1,7,,,
4b966cc5-79fc-4ff8-913d-e82c6761db44,amenable.academy,available,68,2,8,,,
62cd6062-c7f8-4cf3-bef9-d72589cf8c97,amendable.academy,available,68,1,9,,,
4f97bb97-fa27-4bda-92f4-c055df8c99df,amendatory.academy,available,56,1,10,,,
68a7dc90-13ee-4ec6-b4bc-5983834b11f6,amended.academy,available,60,3,7,,,
5a7dc98e-0b06-44ae-9bfe-d3638110127e,amerciable.academy,available,54,1,10,,,
b906cfa5-0588-4d28-9b7c-fac985d9317f,amerind.academy,available,76,2,7,,,
a58afe1b-3ff4-4b90-9bdf-eca5c59add95,amerindic.academy,available,54,1,9,,,
b6ee2a7a-b674-4aa1-8511-63c5fa046b7c,ametabolic.academy,available,50,1,10,,,
aee36a40-07c0-41a5-82d0-f33f11de8f9f,ametropic.academy,available,50,1,9,,,
f7b6e22a-3579-4720-b7b8-79bf86f2a2cf,amharic.academy,available,54,4,7,,,
1ba03490-5b8a-4bcb-88bf-c4d722dd3a48,amiable.academy,available,80,5,7,,,
0124a986-19de-4f43-bf95-3a385798b4a2,amicable.academy,available,70,5,8,,,
ff686c62-0369-442e-bd7b-1252a980a071,amidship.academy,available,39,1,8,,,
26c8e8db-b5a6-47db-afd9-bf0fcea77c48,amidships.academy,available,59,1,9,,,
972ec1b6-0849-451f-95b2-8e72f789bdf0,aminic.academy,available,50,1,6,,,
9e2ceed5-5712-4b09-8170-418a653ae4a1,amino.academy,available,76,10,5,,,
93342ca4-7b3c-4500-9b19-78790e14c6f2,amiss.academy,available,84,4,5,,,
e6936c4e-9d4a-4703-8f60-d18b2bd26c1b,amitotic.academy,available,46,1,8,,,
9ee86ef6-fca3-4d57-bd45-fd22dbdefac3,ammino.academy,available,50,1,6,,,
6005a60f-68c6-4317-b2f4-370ac091a720,ammoniac.academy,available,64,2,8,,,
1483bd4c-706d-48f8-9f50-7f3b338623af,ammoniacal.academy,available,46,1,10,,,
55066663-c8da-4a90-9646-7c393049b7f7,ammoniated.academy,available,46,1,10,,,
72fc9c55-5fe7-4e13-b47b-f8f6c0485dad,ammonitic.academy,available,46,1,9,,,
faba30ca-c59d-4140-bccb-e938f84a5276,amnesiac.academy,available,50,3,8,,,
ffecfbc4-d097-4973-9235-fbfcb52f58e5,amnesic.academy,available,68,3,7,,,
204b2334-807b-48fa-b3d3-1952e931aeba,amnestic.academy,available,64,1,8,,,
7406bc7a-80d3-4a8b-8dce-0eecba42a2d5,amnic.academy,available,50,4,5,,,
9de05aa0-0901-4e3c-9fd4-6ef8ab157661,amnionic.academy,available,46,1,8,,,
5734525a-1681-417c-9234-089d305ec351,amniotic.academy,available,46,2,8,,,
f5d9cdce-5cf0-48f0-b96a-869673e83f77,amoeban.academy,available,52,1,7,,,
1680500b-0b85-4a95-b91e-fb28f37762f0,amoebic.academy,available,56,2,7,,,
1de5ccfa-46ef-4471-ae9c-5a10da2d9a62,amoeboid.academy,available,70,1,8,,,
d200e47c-ff98-44f4-b506-42c9ed1f030a,amoebous.academy,available,48,1,8,,,
37cd4c7e-af69-4293-b56f-81647d8c122c,amok.academy,available,81,11,4,,,
8ac83aca-c2d9-436c-81cf-5e31c72feb3f,amoristic.academy,available,46,1,9,,,
f1583487-b9b9-46d3-bd66-54c6d52496d7,amorous.academy,available,72,6,7,,,
2d15c8d0-d164-4e29-8e73-c06df878a2a2,amorphous.academy,available,50,6,9,,,
8ae2f1bf-02db-4c7c-9524-25217dfb95c8,amort.academy,available,48,4,5,,,
aca999ff-9b97-419e-977a-cf1908ae9281,amphibian.academy,available,68,8,9,,,
2e1144b5-82e2-45b3-adc4-1786f713c1d7,amphibious.academy,available,50,4,10,,,
b38b32ee-6bf8-48ad-83e0-7b39b7e62bff,amphoric.academy,available,46,2,8,,,
1b8db681-e035-4461-9247-d306ba90c88b,amphoteric.academy,available,46,1,10,,,
4006a03f-5843-405a-8496-7c0182f52a63,ampullar.academy,available,46,1,8,,,
75c98536-4a75-4f3a-a799-84886d9fd7e6,ampullary.academy,available,46,1,9,,,
38029bee-b14f-41a8-939b-0596edbc2815,amuck.academy,available,61,2,5,,,
a14e7294-3851-48fd-b3ce-3feb32e869d5,amused.academy,available,66,5,6,,,
b69853a8-d7f6-4c5c-8f10-73db3f981947,amusing.academy,available,66,7,7,,,
d71da485-4ad0-471d-b14e-e65aec8c4481,amusive.academy,available,62,2,7,,,
1ed4f76e-0b6d-4c16-b2a3-bba4c6ead3cd,amygdaline.academy,available,64,1,10,,,
24ba0f4a-a03d-4243-8284-378a40b34a1d,amygdaloid.academy,available,64,1,10,,,
7d382588-5437-4c27-858d-ebf39d006350,amylaceous.academy,available,46,1,10,,,
66dd03cd-ad73-45cd-8c24-319d2430e825,amyloid.academy,available,68,3,7,,,
a309fa26-f0c9-4970-865e-a0a386cb6ab2,amyloidal.academy,available,46,1,9,,,
f91d5468-83c8-4d92-ba05-00a19d734c2c,amylolytic.academy,available,64,1,10,,,
23c67b91-6463-44c2-85d4-fea7841df603,anabatic.academy,available,64,2,8,,,
49d71399-96e6-4bf5-8b96-fbad8b20f7a2,anabiotic.academy,available,64,1,9,,,
f4493e49-689e-4a9a-94c7-b4c95a0cbe7e,anabolic.academy,available,68,6,8,,,
2d6bb3d9-4826-4a40-923c-45898c39f9cd,anachronic.academy,available,46,3,10,,,
2c4aba95-9e99-4c18-b5ae-8d481463cf2d,anaclinal.academy,available,46,1,9,,,
4bc4037a-d53f-4fda-8ef5-cd8ac8d132d8,anaclitic.academy,available,46,1,9,,,
c3fce6a6-f3e3-4243-a2c1-4bc3f557fb9a,anadromous.academy,available,46,2,10,,,
304972de-5f4f-4487-bf7d-808a03876bb0,anaemic.academy,available,72,2,7,,,
1cbb3014-4983-44ab-b4ce-1e58a9edbebb,anaerobic.academy,available,50,1,9,,,
6127c798-897d-413c-a527-9ef051cbb6cf,anaglyphic.academy,available,64,2,10,,,
a9b26a0e-81d5-4769-994d-07da2eb8d92f,anaglyptic.academy,available,46,1,10,,,
16c40f87-ace9-4e1a-88d6-80faa75ae608,anagogic.academy,available,46,2,8,,,
8045eda3-6d22-4ab4-b200-de3c7706349f,anagogical.academy,available,46,1,10,,,
6a4823ee-bd9b-4d88-ae4c-39818242de73,anal.academy,available,68,21,4,,,
ae00d29d-9fda-4268-bbb1-c89e59f720b4,analeptic.academy,available,64,1,9,,,
6f70874b-e17a-427f-a6e2-742fb575677b,analgesic.academy,available,68,2,9,,,
7e841a84-0336-4e1a-ad58-1c6d3edd6d10,analgetic.academy,available,64,1,9,,,
298a59bc-75c6-4324-9367-aefc615331b9,analogical.academy,available,46,3,10,,,
d30cd621-5c93-4a3c-b919-3827f962784e,analogous.academy,available,50,3,9,,,
3f9be29a-3bd5-4205-aa44-640e9e8e302e,analogue.academy,available,68,18,8,,,
3d29a366-60d1-4312-ad6e-e12bdb5cf528,analphabet.academy,available,64,1,10,,,
8cb271b3-5179-416c-b34d-6e23a946981a,analytic.academy,available,50,14,8,,,
1d5d21a6-cdd1-40de-8316-3c38f0bf3fe7,analytical.academy,available,50,8,10,,,
f71122bd-1a5e-4798-a053-38cf49ce3626,analyzable.academy,available,46,1,10,,,
d88569af-4f21-4492-aca3-b01c0cd72466,analyzed.academy,available,46,4,8,,,
ad975ba2-0066-435b-a45b-fd9e8352c264,anamnestic.academy,available,46,1,10,,,
dae5b231-7f2e-44e5-89cf-815f85703f2a,anamorphic.academy,available,46,4,10,,,
4f773920-f74d-434b-9bd7-f9e00e446203,anapaestic.academy,available,64,1,10,,,
4b119345-f254-4d51-9657-657806271c94,anapestic.academy,available,64,1,9,,,
6deb205e-3edb-4fc8-93fb-a7cbd4cbddf2,anaphasic.academy,available,46,1,9,,,
c1a8fdfb-efec-4205-9f6f-44e254fd0655,anaphoric.academy,available,41,1,9,,,
e8da4019-e2ed-43d6-965c-7510d0bf177a,anaplastic.academy,available,46,1,10,,,
c096de5d-5790-47fc-bc6b-9b2e831be167,anarchic.academy,available,40,2,8,,,
44bb719e-3101-4e84-86a8-26f38932fad2,anarchical.academy,available,40,1,10,,,
db70031a-e20a-4c7f-9e28-f1e8c1484777,anasarcous.academy,available,46,1,10,,,
4e7028e0-40a0-4be1-9ca2-b3d21291e218,anatomic.academy,available,46,4,8,,,
5867ea6a-8d79-4844-adf9-f267316229b8,anatomical.academy,available,46,3,10,,,
7182f372-aefd-4039-ab69-460a6cc4fd64,anatropous.academy,available,46,1,10,,,
798eae11-7fb7-4105-9aab-a5182894fc2a,ancestor.academy,available,90,8,8,,,
4fa65682-6dee-450f-a951-9fa0d19a8d51,anchoritic.academy,available,46,1,10,,,
0cdeb5af-c39b-47da-92ee-f69579e248b5,ancient.academy,available,92,18,7,,,
3cc3063a-2c12-4d9d-a1eb-9dca1399cfd4,ancillary.academy,available,76,7,9,,,
7f7ed075-52c8-4f2d-99e6-9f2637ea3b26,andalusian.academy,available,72,3,10,,,
01c64911-ccfb-4747-8dc2-60c8064eff67,andante.academy,available,78,9,7,,,
aa30a40a-d1f8-4ff8-b66c-f5bed9784157,andantino.academy,available,60,3,9,,,
6910518f-fd73-41d1-acb6-3ff2a7b7db87,andean.academy,available,76,6,6,,,
b79fb293-0926-4af7-8456-e5f3393281fc,andorran.academy,available,72,1,8,,,
9b60be10-6ef6-4b48-b57c-ccbdd344364f,androgenic.academy,available,50,1,10,,,
cc65099f-af6b-450f-9a36-33739ab22daf,anecdotal.academy,available,56,10,9,,,
3f3cd223-5a34-4a50-9f2c-67b659eed899,anecdotic.academy,available,50,1,9,,,
26ac623c-7f29-4977-b34e-0db8a173b141,anechoic.academy,available,50,2,8,,,
48579627-8008-4464-a5ee-a46e02876d51,anemic.academy,available,72,3,6,,,
cdc0dd14-53db-4622-a005-75b21251629b,aneroid.academy,available,72,5,7,,,
1811e5de-aa5c-4185-a6c9-53a88dbe0ab3,anesthetic.academy,available,68,1,10,,,
acf2832a-4caa-4ca6-a417-cf7e7f5c11b4,anestric.academy,available,48,1,8,,,
60a4647e-ffcc-43b9-a53d-c13c06c02bc7,anestrous.academy,available,48,1,9,,,
c23ddcff-adc1-45ff-8d6d-fdf6d16ab875,aneuploid.academy,available,59,1,9,,,
c53ba0cf-f415-44dc-bd33-575cdd845c76,aneurismal.academy,available,50,6,10,,,
05d74da9-eff8-4bd8-ac81-8580a7793315,aneurysmal.academy,available,50,2,10,,,
e0f49a55-2048-4d00-86a4-5d8102ff70ec,angelic.academy,available,80,13,7,,,
0e7983ce-c5d6-4a08-921d-64210f346131,angelical.academy,available,68,3,9,,,
2761c63b-60e5-4129-8a75-f33d8bf69731,angered.academy,available,52,4,7,,,
94123e4f-afcb-4bb2-a077-16eda2040c34,anginal.academy,available,54,1,7,,,
03921c7c-917d-4928-ac43-f5c1b0ef08ae,anginose.academy,available,50,2,8,,,
d6ddb58d-1792-4e75-b27b-7e209a6a496a,anginous.academy,available,50,1,8,,,
af83a598-a3e4-432f-ae4b-e52c2ac85eba,angled.academy,available,58,4,6,,,
3c009cfb-731d-4bf9-9954-6c131090ef33,anglican.academy,available,72,10,8,,,
0733c52b-b11f-45ac-b058-6f7a3309e483,angolan.academy,available,76,3,7,,,
545d9a48-ecb2-4f04-9fd9-df20b8c8ec25,angry.academy,available,72,18,5,,,
b951d699-56cf-4fed-acb9-a15350c1588c,anguillan.academy,available,72,2,9,,,
821e1b00-d557-486f-b8a9-890dbf88c1ac,anguine.academy,available,45,2,7,,,
16b13cf8-1b74-430c-90ac-7c37975f1273,anguished.academy,available,48,2,9,,,
5e59354b-4ad8-4896-926f-37dec5bb5b87,angular.academy,resell,86,20,7,"Wild West Domains, LLC",01/08/2014 21:28,01/08/2026 21:28
81ac26db-7d2a-4ff0-b98e-9d8fa17dc466,angulate.academy,available,74,1,8,,,
94ff4ee7-b909-47c3-8165-9799fc1bc7bf,anhydrous.academy,available,44,2,9,,,
d2c196ae-5397-43e9-933b-66c17296e85a,anicteric.academy,available,50,1,9,,,
6d91ee5c-86f8-4649-8d21-7238c3fdd4cd,anile.academy,available,72,1,5,,,
e4f3660d-9a02-4fb7-b709-e66097d74cd2,animal.academy,resell,92,27,6,"Spaceship, Inc.",06/06/2022 13:15,06/06/2026 13:15
f4c6150c-5f64-41bb-b7f6-8a570e53aaff,animate.academy,available,88,14,7,,,
ddef7399-4333-4e1d-baf8-e9f0d8da4124,animated.academy,available,76,10,8,,,
947438b4-ef66-4a90-ab52-dd533a46027c,animating.academy,available,72,2,9,,,
d5ac21ee-00ae-41ff-aa50-d8c4d503e849,animist.academy,available,62,5,7,,,
af4129bb-97f1-4232-9caa-5f6de5d1017a,animistic.academy,available,54,3,9,,,
83979d76-5680-451f-935b-14f9060690c5,anionic.academy,available,63,1,7,,,
66278ebc-100a-42fa-be18-df43d980896c,ankledeep.academy,available,54,1,10,,,
ad3ac725-a1ba-401d-919e-86f62fd05ee5,ankylotic.academy,available,50,1,9,,,
2fee1a7b-db02-4772-baa8-df1f68e34c93,annalistic.academy,available,47,1,10,,,
57ec1c0f-3858-4e2c-865b-22f02e105c29,annelid.academy,available,63,2,7,,,
8f9afe21-e1e3-4080-9558-85ff5a5a24f6,annelidan.academy,available,59,1,9,,,
3f61f38e-3e2f-4a31-bcb9-d575abddcd68,annexal.academy,available,60,2,7,,,
31b1ce08-7699-4e66-be87-edf39ced8407,announced.academy,available,64,4,9,,,
df912d6a-44b7-4c30-9f59-9d0180e82cf7,annoyance.academy,available,54,2,9,,,
bcced001-6566-42c8-be0a-e5095a22a8b3,annoyed.academy,available,58,4,7,,,
3fec5b47-8d7c-45a1-aec7-54a032120b08,annoying.academy,available,72,8,8,,,
350855e9-d34f-497c-a748-254d02399c00,annual.academy,available,92,6,6,,,
f6ce79f4-09a2-4bb0-8161-2da74593d3e9,annular.academy,available,54,3,7,,,
55f9147b-bb53-41fd-bf9e-08e9073f8c1f,annulate.academy,available,68,1,8,,,
a3c4f56a-ad0c-46b0-a53e-b74b16416dda,annulated.academy,available,50,1,9,,,
bdc52529-52c0-4010-b1ed-f4bcfe468b32,anodal.academy,available,60,2,6,,,
cc0b1a4e-a410-4e30-b428-6960ef0b8486,anodic.academy,available,60,2,6,,,
3c210009-9772-4db3-9337-4d5f4bd93e77,anodyne.academy,available,72,9,7,,,
9d19a5e1-55e0-4afc-b800-c0a6cf5a2c2c,anoestrous.academy,available,41,1,10,,,
cb05c50f-6002-4cc4-8cbb-12946b08e10e,anomalous.academy,available,58,11,9,,,
918d2128-7f44-4d94-acfe-034ff456a352,anomic.academy,available,41,4,6,,,
5b5eee56-9590-4170-9ff6-35d8043c62a9,anonymous.academy,available,66,30,9,,,
5f61e94c-8be0-42fc-97e4-88588bf49abd,anopheline.academy,available,70,1,10,,,
a5897189-cb73-4384-8705-f856179858ea,anorectal.academy,available,50,1,9,,,
08f141c8-aac9-4403-8bf6-f0962770d0e5,anorectic.academy,available,70,1,9,,,
b048619a-ff7a-45f8-8f15-0ecb405cb018,anorexic.academy,available,70,2,8,,,
799caf1f-f114-4156-a3cb-3bb9fc8dd24a,anorthic.academy,available,50,1,8,,,
28f1347b-0b6a-4368-9710-9fc39d57f1ca,anorthitic.academy,available,50,1,10,,,
44359e40-cae6-440d-948e-dbf91087535e,anosmatic.academy,available,44,1,9,,,
591392f1-0a75-4097-b693-bb029dc7fa1b,anosmic.academy,available,66,3,7,,,
978d3d3d-d0fa-40d7-9f45-f32f8292917e,anoxemic.academy,available,44,1,8,,,
6aac9407-dcbb-4a86-9440-558f6ffba0b5,anoxic.academy,available,48,2,6,,,
fb369d8f-8661-49e1-b20f-7120a6ea957d,anserine.academy,available,68,1,8,,,
80190d00-ffde-4ccd-a8e7-36672bbef044,answerable.academy,available,70,2,10,,,
01addef5-86f0-44b4-b45b-c687e3776357,answering.academy,available,74,4,9,,,
2c8322d9-1af3-4a48-958b-0d7ee8f9b19b,antacid.academy,available,88,2,7,,,
ad2484e1-2f32-408e-b796-d03c100f088c,antarctic.academy,available,66,8,9,,,
e531172d-5180-41d3-8e12-f787062fd704,antebellum.academy,available,56,3,10,,,
7680c84b-6cc1-4359-a01f-6cf65b547bbc,antecedent.academy,available,78,4,10,,,
a00f7b7f-5199-47ae-b674-6a246ad5524d,antemortem.academy,available,64,2,10,,,
10564413-c3de-4252-84dc-e337648bebd8,antenatal.academy,available,70,2,9,,,
7f62ba95-1d4b-461d-8fb5-fb43fc12ae3c,antennal.academy,available,56,1,8,,,
f45f106b-7c90-4dbc-99f6-275e0c1c0a02,antennary.academy,available,56,1,9,,,
1617c1ce-e904-42ec-969e-4235f8da4db2,antepartum.academy,available,70,1,10,,,
282d8fe3-29c5-494e-9123-d3b56535d0de,antepenult.academy,available,50,1,10,,,
79756647-0ab1-46a5-bfc8-c3fd0adceeb9,anterior.academy,available,60,3,8,,,
a5db2663-7aee-4a4f-b578-1c5b6a4bf2db,antheral.academy,available,50,1,8,,,
476181be-2989-4044-9e27-0528b739f8fb,anthropic.academy,available,49,15,9,,,
3cf31259-0962-4e77-b48e-f8f5dc31548c,anthropoid.academy,available,74,3,10,,,
d46bc6be-4388-431d-ba1e-4fce48951c23,antiacid.academy,available,70,1,8,,,
54b4877b-67c4-4474-af17-9a89d91f850d,antibiotic.academy,available,88,5,10,,,
e2e4de4d-37fc-4349-b559-8fe8f26d3670,antiblack.academy,available,36,2,9,,,
53de0aca-9d0a-419d-8aa9-6bf28d440e24,anticancer.academy,available,70,5,10,,,
38eb9bd1-bbeb-490f-8104-fda069397289,anticipant.academy,available,60,1,10,,,
961e6666-d2c2-400c-b3b9-4f03c05adcf6,anticlinal.academy,available,68,1,10,,,
f4189a79-d89b-4029-b22d-3777ebd9fc8d,antidotal.academy,available,56,2,9,,,
1bf7a983-80aa-4786-830b-f9e4aa3c5a68,antidromic.academy,available,50,1,10,,,
739a27f1-e11e-400a-93a5-f45b53cf72fb,antifungal.academy,available,74,3,10,,,
0049661a-cc40-40ee-9630-24aeb3a6dfc8,antigenic.academy,available,56,3,9,,,
67cfdabe-64b8-4c7e-adad-e3f3a12d213a,antiguan.academy,available,74,1,8,,,
0d1cabb0-61d0-479a-996a-54d2f741d28e,antiknock.academy,available,74,1,9,,,
7348eea3-85d9-459e-a11a-7e2e61178cf3,antimonial.academy,available,64,1,10,,,
843990da-b7e4-4103-b2f7-26d75a2fd6d1,antimonic.academy,available,46,1,9,,,
dbd3574e-e70a-46b1-a969-cde361856f64,antinomian.academy,available,64,1,10,,,
ec3fd918-129c-4a90-8167-dfc5453db967,antiphonal.academy,available,64,1,10,,,
fde1b18d-2b18-4106-8aed-70b53aaafe39,antipodal.academy,available,64,2,9,,,
dae9e416-c5ec-4a8b-b070-076824a5a8ed,antipodean.academy,available,64,4,10,,,
0e930afb-c74c-488b-a1d1-828bee04e93d,antiquary.academy,available,68,2,9,,,
edcf49ae-a788-4304-befa-212312a9e795,antiquated.academy,available,58,3,10,,,
6ca558f2-8eae-4ac4-b5fa-706b32861af3,antiseptic.academy,available,88,2,10,,,
82476171-ff7b-42ec-8f15-50fc737b4bc9,antisocial.academy,available,59,14,10,,,
ae7b06a7-f937-4fcb-afbd-84859451f2f2,antitank.academy,available,46,1,8,,,
f65aab04-8265-4f00-8f92-b725aa3c9781,antithetic.academy,available,68,1,10,,,
ab603d79-ded0-4648-ba23-6fe8fe70c91f,antitoxic.academy,available,46,1,9,,,
fb910693-4f52-40a0-8d94-ff5d718806f5,antitumor.academy,available,88,1,9,,,
17ac956b-8be6-4e12-a69f-455ad7741230,antitumour.academy,available,70,1,10,,,
285b60ad-fa13-4925-8909-d8f6ca03d33f,antitypic.academy,available,46,1,9,,,
619c518d-5c63-40df-b908-8e5baf4adc2b,antiviral.academy,available,76,4,9,,,
f4de6279-094b-4404-8c7c-004ffdaf78a0,antlered.academy,available,47,1,8,,,
59994c26-6129-43a1-b404-aba37a2ce651,antonymous.academy,available,46,2,10,,,
7aa23ceb-c296-422b-b070-7b5d2c959bed,antrorse.academy,available,41,1,8,,,
30cb67d5-0094-407e-90be-bc98c3d8b37e,antsy.academy,available,53,4,5,,,
720e9a40-4523-4f9d-9918-5f07098f0c06,anuran.academy,available,63,2,6,,,
5ec6dc62-408c-458b-8b41-42a9c0695cf6,anuretic.academy,available,46,1,8,,,
31643efd-5ed3-41f4-bd60-aab2107cc797,anuric.academy,available,50,1,6,,,
730ebbdc-edf9-49eb-b9c4-901412ce3a94,anurous.academy,available,50,1,7,,,
b450b7d8-c984-417d-86b5-42863aab1411,anxiolytic.academy,available,80,1,10,,,
279d0ea6-0a46-4f10-bdbc-b88c4d4d6230,aoristic.academy,available,46,1,8,,,
683f6d5e-fa1a-474b-bb08-4b69a595050c,aortal.academy,available,50,2,6,,,
32b76ae5-8a09-4215-8436-668e14731462,apathetic.academy,available,41,3,9,,,
6b8ea083-d043-428c-9adc-5a79a1f68abb,apelike.academy,available,60,2,7,,,
b70bb425-8d4b-4159-9b77-01cf6bb92cac,aperient.academy,available,64,1,8,,,
709790cd-d764-49ad-b2f1-0d916ef5051f,aperiodic.academy,available,46,2,9,,,
2a8784e3-bee6-4876-ae49-8147ac5ec31d,apetalous.academy,available,41,1,9,,,
38f5af0c-bafc-4312-a81a-f3574c47c829,aphaeretic.academy,available,45,1,10,,,
bd743533-561b-44a0-9f7e-1f49f35d504f,aphakic.academy,available,68,2,7,,,
8ec47877-ceed-4496-a918-2d4236f9ebc2,aphanitic.academy,available,45,2,9,,,
77cd8324-2815-4919-9256-27fae2531288,aphasic.academy,available,68,2,7,,,
e881e358-4ced-455b-896e-bfc2319f0eda,apheretic.academy,available,45,1,9,,,
a694c224-6132-4e7b-89a3-7ad4789fbcca,aphetic.academy,available,49,1,7,,,
0e03edb1-7b61-4a21-b0ff-76757cb7814f,aphonic.academy,available,63,2,7,,,
0a03c97b-7e11-46ea-9dd9-92df9b984f36,aphoristic.academy,available,47,1,10,,,
5dad7337-87e3-4ca2-acf5-0cb9c586c0ef,aphotic.academy,available,45,4,7,,,
51b6adc1-7f3b-4b9f-bb53-20d75fdd3440,aphyllous.academy,available,41,1,9,,,
1cb04678-0ce3-415d-b85f-e646394bab61,apian.academy,available,69,4,5,,,
905996b2-5e65-4b6d-9a70-3c2983f171ba,apiarian.academy,available,64,2,8,,,
cbe260c3-3198-4c8f-b837-1af71c9ad2e3,apical.academy,available,72,5,6,,,
224ac47d-d40c-4cb8-b6d6-555605a122fc,apiculate.academy,available,41,1,9,,,
40dde94f-facc-4b48-9fab-fca1bbb7cc99,apish.academy,available,54,2,5,,,
28014436-984b-4877-96b6-e5f812486b11,apivorous.academy,available,41,1,9,,,
57c8b481-8785-4db0-b0cf-f45dab571be5,aplacental.academy,available,46,1,10,,,
35a79d65-930b-4fd0-ba8e-702eb0e18c73,aplanatic.academy,available,41,1,9,,,
2dee26cf-968c-4b3b-87b7-8517c1831d34,aplitic.academy,available,49,1,7,,,
f9a64625-fba8-4384-b813-df152f9ce6b3,apneic.academy,available,50,1,6,,,
b5d79711-f7c1-4728-a710-3b8501b9286c,apnoeic.academy,available,50,1,7,,,
48c9f772-8d3d-4396-89da-ca8971564555,apocarpous.academy,available,41,1,10,,,
fcbf8ad4-75a4-486a-ba15-4ba9e408ddc1,apocrine.academy,available,46,1,8,,,
172fc909-fa04-4efb-8e47-4841633901fb,apocryphal.academy,available,54,3,10,,,
8bfa7c7c-9d79-4ca5-8a3c-0b00366efb99,apodal.academy,available,63,1,6,,,
e0b265ac-251a-4786-856a-4d24fc3eb5b5,apodeictic.academy,available,45,1,10,,,
9192c463-c9d0-4b20-ae5e-f3a5c7f3f0a0,apodictic.academy,available,45,1,9,,,
8d853b86-bea1-4928-b32c-f398898c3d75,apodous.academy,available,45,1,7,,,
6da41c8a-86e2-43ae-adc3-321eae3127bf,apogametic.academy,available,41,1,10,,,
27590c5a-2c98-4982-bb01-c48dd744fb63,apogamic.academy,available,41,1,8,,,
27e3dd01-4611-43aa-9432-8188ec0f2f3c,apogamous.academy,available,41,1,9,,,
02afb95d-21f8-44e8-88b4-72cba4d6221b,apogean.academy,available,50,3,7,,,
b558e436-4bf8-4303-aaf3-dd9bd0f8df36,apologetic.academy,available,58,2,10,,,
78f61aee-2a4c-496e-84b9-5f479cc5269c,apomictic.academy,available,46,1,9,,,
0665b765-8606-4d88-93b4-4e603233414a,apopemptic.academy,available,64,1,10,,,
bf6d189f-45e9-4d6f-9066-cbe22ce3a878,apophatic.academy,available,46,1,9,,,
b562b001-d8f1-4f3d-bb2d-dbc426b94b64,apophyseal.academy,available,43,1,10,,,
6a9a36cb-258b-4bf3-95a8-fdfcfc179f40,apoplectic.academy,available,64,2,10,,,
711d022e-509e-4fba-867b-4fefc4883bca,apostate.academy,available,60,4,8,,,
4d7c38b3-5649-4d58-a9e4-865254e41d81,apostolic.academy,available,47,6,9,,,
a7d08384-ff54-45f1-a51d-7b9f104638d1,apothecial.academy,available,43,1,10,,,
ca54e2b7-b41b-45f9-a137-2d149f6cb967,apotropaic.academy,available,59,1,10,,,
d7b5e81f-07cd-4ad2-9308-cb17d584a29b,appalled.academy,available,52,1,8,,,
13b709e4-95c1-4753-87ea-d162cff50287,appalling.academy,available,50,2,9,,,
bf2e8476-70ac-47c7-99ba-e1972d5b7aa9,appareled.academy,available,46,1,9,,,
9fab2863-985c-4c34-a4a3-9edcc4c78fd0,apparent.academy,available,58,6,8,,,
efa5ac5e-9426-458d-8a09-249e9c052b5b,appealable.academy,available,46,1,10,,,
58f456c5-a077-4b6b-a439-f3f5237318d9,appealing.academy,available,78,3,9,,,
c1a2060f-50fa-4e79-aa52-8885e8323abc,appeasable.academy,available,46,1,10,,,
400d7f98-2176-4989-aecc-311ff6c5d4e8,appellant.academy,available,64,2,9,,,
adc35963-cd12-4952-9754-f852f5e0458e,appellate.academy,available,50,5,9,,,
41b789f1-eff8-4d57-8122-651f48af3a73,appendaged.academy,available,43,1,10,,,
598b0831-87e3-4574-b558-e7195d8e2941,appendant.academy,available,61,1,9,,,
4dd4ae5f-f32b-42aa-bb2e-bb853121bc62,appetent.academy,available,47,1,8,,,
188ce37b-d209-47fd-b827-6984d0363424,appetising.academy,available,62,1,10,,,
16cf8b86-05e5-4eb5-957d-793cc69d98f6,appetitive.academy,available,47,1,10,,,
21e25ddd-9ee5-43cb-b6ef-a9349ac26bc5,appetizing.academy,available,80,3,10,,,
9ea117cd-f74e-401b-82de-8437099b7a3b,applicable.academy,available,54,5,10,,,
ccc2c45e-138a-4611-ab64-cff339222131,appointed.academy,available,50,4,9,,,
9122e1e0-e854-42e4-94c2-f59624939c45,appointive.academy,available,46,2,10,,,
b7037c7a-14ad-4d03-83b4-3104ae582ce6,apposable.academy,available,43,1,9,,,
de41fa5f-7ba5-4556-bed0-81cfd42d7c58,apposite.academy,available,68,5,8,,,
b9898056-8647-4b4b-8c55-0584ac66c2ec,appositive.academy,available,63,1,10,,,
da94564a-177f-4322-bfd6-58e5de993b01,appressed.academy,available,56,1,9,,,
40195ba8-f04f-42f4-9a6a-a7747cdb110c,approach.academy,available,78,13,8,,,
c4cf0239-ec76-4f05-af80-f98169395441,approval.academy,available,64,8,8,,,
17b4fa3e-96e4-4d40-a7f1-ab432d831efc,approving.academy,available,54,2,9,,,
2f8f9f4f-eaa1-404f-a173-5c1330a30b39,apractic.academy,available,43,1,8,,,
ae272847-a225-4c7b-b5c1-aa9bc3b6619e,apraxic.academy,available,47,1,7,,,
ff9760a4-d6e4-494e-8d64-46cce1d330a1,apriori.academy,available,48,14,8,,,
4c2ae6be-2b19-455f-8a8a-90e82df58436,apropos.academy,available,60,11,7,,,
04246969-7fc9-4311-a601-ddc9c96a5ea9,apsidal.academy,available,47,2,7,,,
5743bdeb-a156-411a-873f-92c22116fb24,apteral.academy,available,47,1,7,,,
79e57d8f-7423-43db-a11a-649f2678dffc,apterous.academy,available,43,1,8,,,
714cd2df-fc53-424a-b96d-ecfa614d7c20,aquaphobic.academy,available,56,1,10,,,
48daf08b-f9d8-45a6-8af5-9171d1a1b3f9,aqueous.academy,available,54,6,7,,,
bba247e2-837c-4100-a016-7db4fa6b4a45,aquiferous.academy,available,43,1,10,,,
488f0bc5-cbaa-4750-8a17-4a55b6aebb50,aquiline.academy,available,46,3,8,,,
b1a1ae6d-27ae-4bb7-8d56-c4746f884929,arable.academy,available,54,4,6,,,
3fefbfcf-a89e-4b20-9eac-7cf5fd19bb7e,araceous.academy,available,46,1,8,,,
803a9325-2863-496e-9752-e1c035c00a6e,arachnoid.academy,available,64,2,9,,,
e01c4421-a0fe-4b04-9cf8-c85a4049c3ee,aramaean.academy,available,74,1,8,,,
9983e361-ce27-4af0-b7ff-0cb85c6e15c4,aramaic.academy,available,78,3,7,,,
3b7e8e57-2dc5-499c-a7d7-66f60b7d9766,aramean.academy,available,78,2,7,,,
e692b0f5-b9bf-444c-b768-423e778ecfd7,araneidal.academy,available,46,1,9,,,
768eadf9-50bb-4c72-adac-90a69d61f18b,araneidan.academy,available,50,1,9,,,
1c84f9d3-4b8f-41ba-abf8-5062196ea605,arawak.academy,available,78,5,6,,,
f3aacaef-4a17-4fb0-a720-42b02e051493,arawakan.academy,available,46,1,8,,,
1f3d3a2b-ffdb-4028-b1a8-4f7029ed797f,arbitrable.academy,available,52,1,10,,,
84c098cb-a263-4f90-88f4-6e45447e23e8,arbitral.academy,available,46,2,8,,,
bc2888be-99cc-4ad8-a240-13f0697d2f3b,arbitrary.academy,available,64,9,9,,,
6d3004ac-ce13-4e19-bfa5-b7b8db0d1742,arborary.academy,available,52,1,8,,,
5f51913e-19c9-43a3-8452-7f1ff778c86b,arboreal.academy,available,76,7,8,,,
2afcc35c-9695-43cd-9e32-545a636a5011,arboreous.academy,available,50,2,9,,,
a25f975d-4ed6-460e-8946-03d12b4cac03,arboresque.academy,available,52,2,10,,,
40e017c7-9258-44d3-b389-0252b6cbedeb,arborical.academy,available,52,1,9,,,
ccff8fd7-5216-4433-9ae5-5946406a7d9d,arboriform.academy,available,52,1,10,,,
9878eda6-d1a5-45be-8192-fd7b2e400efd,arborous.academy,available,52,1,8,,,
ad5a90d5-f02a-4241-98c9-dacf2d07962e,arcadian.academy,available,76,10,8,,,
a00f4b35-7145-4b02-92c5-033ed1d02ada,arced.academy,available,50,3,5,,,
a34280fc-1fa6-4805-a983-1ed90539d32a,arch.academy,resell,64,34,4,"Sav.com, LLC",07/08/2023 17:10,07/08/2026 17:10
c20b87f2-896b-4a9e-875e-9a8084f82041,archaean.academy,available,50,1,8,,,
a4ebd965-26cf-4a61-a683-c8a084fc0d15,archaic.academy,available,76,9,7,,,
886abb47-3a3c-4d24-a7ea-fcdacaac92f8,archaist.academy,available,50,1,8,,,
aa58df14-11f7-4ff8-ac58-f5cb656fcb50,archaistic.academy,available,64,1,10,,,
c0c969e4-5967-447c-9592-4fd62561885f,archducal.academy,available,45,1,9,,,
1007438c-e666-42fa-9b7c-b71bffb7099a,archean.academy,available,60,4,7,,,
14293531-ad5b-4dd7-9c11-9953068c679e,arched.academy,available,51,3,6,,,
e48a37b5-c254-4392-b7b7-ce1621a7021a,archeozoic.academy,available,56,1,10,,,
f3281e11-ca41-4387-ae26-b4d4655546bb,archetypal.academy,available,56,4,10,,,
22e9865d-019f-4a05-93a1-8dceb523aa53,arching.academy,available,68,2,7,,,
8a39feb9-6085-4d47-901e-bf7c9ba30786,archival.academy,available,64,10,8,,,
23bab19b-f46e-42ad-9be1-99de023e40c2,archosaur.academy,available,50,2,9,,,
6db63d73-08e6-4e25-a14d-8a585af21819,arciform.academy,available,46,1,8,,,
46b9c8d5-3e06-4055-9579-6b9b239c9743,arcuate.academy,available,50,2,7,,,
326aa78b-e3d8-47cc-b971-7ea6a86cfff4,arduous.academy,available,60,3,7,,,
ee25809a-69cb-4706-a61e-fd31dcc13896,areal.academy,available,50,11,5,,,
eaca3a07-f04e-4582-b8e2-33e1ff7acada,arenaceous.academy,available,46,1,10,,,
4a2a23c3-9131-4bd7-8156-ae6e1af1a349,areolar.academy,available,50,1,7,,,
d08bbcfe-0891-4a9a-8e5f-e7917ec8345f,areolate.academy,available,46,1,8,,,
46829dc2-cb0a-4a0a-8ef4-2757c713ab5f,argentic.academy,available,46,3,8,,,
a4a665ba-3464-40bd-b6af-04e04a81a99e,argentine.academy,available,74,2,9,,,
be1a12c6-a411-4b42-9612-705397802c5b,argentous.academy,available,46,1,9,,,
c3a115cc-31dc-4940-a4a1-af3992fb8ff7,argive.academy,available,68,2,6,,,
9d1d78f8-2b28-4b31-af08-8fbcea7543b8,arguable.academy,available,50,2,8,,,
6f270f19-ffe2-4860-b5c3-35822f20f355,arguseyed.academy,available,46,1,10,,,
a281b323-d6e5-428a-8829-46af10877be4,arid.academy,available,50,7,4,,,
b0e1218b-dd86-472d-ad25-a26f3884c67e,ariled.academy,available,50,1,6,,,
476b1a12-014d-45a3-90f1-b402e3f54392,arillate.academy,available,46,1,8,,,
c811b2d5-8ef4-4348-b186-cec00f1bb356,ariose.academy,available,51,3,6,,,
0f4f69d1-e906-47bf-8f4f-0e77c6021f47,armed.academy,available,70,10,5,,,
7cadfbd9-4eef-457b-a83e-09730f48a512,armenian.academy,resell,82,11,8,"GoDaddy.com, LLC",11/07/2016 04:18,11/07/2026 04:18
2e36eae9-41c3-4b7b-8d9a-140fac89cd37,armillary.academy,available,52,3,9,,,
7943f8bc-9aae-4b73-8002-43edf33383d3,arminian.academy,available,64,1,8,,,
247cee37-623c-4bdc-a084-5cc51ff6848b,armless.academy,available,62,1,7,,,
81c1d129-2490-4f73-93dd-5e414a004eff,armlike.academy,available,54,2,7,,,
9616598c-ab26-4b0c-84d7-9b13fb4b5333,armorclad.academy,available,52,2,10,,,
62f27dda-8c43-44dd-8ed3-12da43abae9f,armored.academy,available,66,8,7,,,
d8e79034-50fd-44a0-b159-55754f921f9e,armorial.academy,available,68,2,8,,,
ac608216-7796-4dcf-98a9-9dde3382496f,armoured.academy,available,58,3,8,,,
97f032c6-ad37-4252-9d17-20b0875bf23a,aroid.academy,available,54,3,5,,,
72285491-95d0-43dd-99ef-d6930ec994cf,aromatic.academy,available,92,6,8,,,
ac3bbdd7-23f5-4454-ae63-81a54a8b79e1,around.academy,available,94,21,6,,,
c1152516-dcdd-4445-a837-5f9564a80761,arouse.academy,available,74,5,6,,,
cc7efd5c-f1a3-4ab6-9c59-3da7fae86b7c,aroused.academy,available,68,3,7,,,
07032f5b-36ae-40af-a025-349916795e87,arranged.academy,available,70,5,8,,,
b7051592-c320-4d51-a89c-ef2b62283f5b,arrayed.academy,available,58,3,7,,,
993a813c-9707-445b-9917-ae4e2455044d,arresting.academy,available,66,1,9,,,
90c76318-4431-4588-972d-b5fb397aa5d4,arrhythmic.academy,available,50,1,10,,,
4f7d663e-d2d5-40b5-8029-14fe8faea157,arrogant.academy,available,56,4,8,,,
fbe312ea-4a2e-409a-ba31-e02d3aa9c5db,arse.academy,available,44,7,4,,,
8d6832f3-a0b2-49dc-b16b-3c96d7d3ac8f,arsenical.academy,available,68,1,9,,,
22d46521-8a8d-4866-895e-33c997a0a304,arsenious.academy,available,50,1,9,,,
819ad0dc-df1f-4544-ba46-4e048afa9ad0,arterial.academy,available,74,6,8,,,
3b15dd57-2bac-4209-bfc6-1665989d611d,arteriolar.academy,available,50,1,10,,,
f0a8b37b-1d0e-4e48-bbb6-537fa5455266,artesian.academy,available,50,6,8,,,
19507cc7-b2e5-4934-a7b5-3d9d6b661953,artful.academy,available,66,13,6,,,
069117b2-36b8-4d88-a1f2-4c524a1c26ec,arthralgic.academy,available,50,1,10,,,
2b6f7b6a-c281-473b-b9b8-44a58dde298b,arthritic.academy,available,74,2,9,,,
e93a6e06-304c-4ed7-a7c9-6b8730dd143b,arthurian.academy,available,54,3,9,,,
59528c70-c3a1-4ecd-ac79-11cb66d80495,articled.academy,available,43,2,8,,,
f41ad683-e531-4805-abc9-01cbb699bee1,articular.academy,available,50,4,9,,,
965d85fe-83a1-4bd2-9b25-c0f3989d542f,articulary.academy,available,68,1,10,,,
46d087fe-4ad1-4d77-9d6c-1150f28d7ea9,artless.academy,available,62,7,7,,,
75345865-b241-4df2-82ce-383c204c32e8,arty.academy,available,56,15,4,,,
aedd1616-a16a-4129-aef5-98d0d31652b5,arum.academy,available,53,6,4,,,
beb2d8b1-2bc4-4844-8604-4d816c08a656,aryan.academy,available,82,14,5,,,
5c5f23e1-634f-4ee5-8a8f-b1109996312f,asat.academy,available,54,5,4,,,
7d78cb86-a3b4-494a-af4c-e731075cfc95,ascendable.academy,available,50,3,10,,,
d3b87f5f-cc3e-4a11-bae8-f6c7dee16d28,ascendant.academy,available,69,17,9,,,
67597d29-f00c-444c-87b6-797c7f56441b,ascendent.academy,available,69,5,9,,,
16f37ed5-79c1-4111-8d79-23022be55e6a,ascendible.academy,available,50,1,10,,,
7dea05b2-6615-41f5-9a22-606cbb92547e,ascending.academy,available,74,8,9,,,
c1f5e730-e515-419c-8adf-16492cec0746,ascensive.academy,available,50,2,9,,,
29a43210-72db-4f0f-b1fc-e466ae0a2db4,ascetic.academy,available,78,5,7,,,
490e3dd8-d0fc-4896-ad15-ae24d272ad9d,ascetical.academy,available,50,1,9,,,
2a941649-5df8-44da-8490-a3761139c120,ascitic.academy,available,54,1,7,,,
7719f729-9a1c-48c8-8343-10797f853532,ascosporic.academy,available,50,1,10,,,
4ce51425-6ccc-44ae-ba50-3ab6aadd3ac6,ascribable.academy,available,45,1,10,,,
caa97b60-9c16-4734-b0dd-6caca02034d1,aseptic.academy,available,72,4,7,,,
efed1ccd-101b-4ccf-b023-71c188980a2e,asexual.academy,available,78,4,7,,,
14c36025-0306-4a76-814c-ed24cd3984c3,ashblonde.academy,available,74,1,10,,,
4bf4ac19-1494-4713-b110-0fbd4697b140,ashen.academy,available,68,8,5,,,
f3689b34-fa1c-4e5f-b2c7-1a5bf76baf79,ashgray.academy,available,60,2,8,,,
3e9d2d95-1822-4f92-b007-71e44f3ec82c,ashgrey.academy,available,60,2,8,,,
f43a447b-d1b1-4db5-9e33-a1c43e291e72,ashy.academy,available,60,10,4,,,
9d5813f3-5416-43da-bbfd-760354f13572,asian.academy,resell,82,21,5,"Sav.com, LLC - 48",09/08/2024 17:00,09/08/2026 17:00
e59f6652-0d44-47a7-8ac5-656dbcb0f51b,asiatic.academy,available,66,4,7,,,
f23f4cd9-10ee-4de6-b617-cfae21253157,asinine.academy,available,38,3,7,,,
b1ce9126-30ff-4be9-9708-5acfd05a3879,askance.academy,available,76,3,7,,,
6ad058e7-16a4-473c-bfeb-f75aeb81c8d9,askant.academy,available,76,3,6,,,
2053c9d5-6f27-4759-b184-87d9ea215b43,askew.academy,available,44,8,5,,,
12976d59-5c87-41a0-9f8c-5c51833f3033,aslant.academy,available,58,2,6,,,
2772f681-6394-4f3f-87c7-c90b112a5728,asleep.academy,available,74,7,6,,,
24622f94-8b09-44ad-b458-169ca61469d5,aslope.academy,available,58,1,6,,,
916d8b9f-33f7-4e09-a184-a4f668e97aa0,asocial.academy,available,56,6,7,,,
0a6132c1-7922-49ae-a0a9-a8e2bef3e3a5,aspectual.academy,available,44,1,9,,,
f19cd848-0ee4-4b96-b462-f85f23cfe925,asphaltic.academy,available,44,2,9,,,
09b3d431-6b01-480f-baec-e207363309ac,aspheric.academy,available,44,2,8,,,
2065b76c-7a62-4161-b8f4-b5927c44d2fc,aspherical.academy,available,44,2,10,,,
5cc31235-34ba-419a-bb54-29c260e4e52a,aspirant.academy,available,62,6,8,,,
6ee1f984-7787-4bb3-9847-bee39b189c11,aspirer.academy,available,52,3,7,,,
48fdf6af-24e4-4d7e-84e5-a700171c66d6,asquint.academy,available,56,1,7,,,
445b8b74-fb3e-4d02-8824-30cfc3292ea3,assailable.academy,available,44,1,10,,,
edea92b3-72b0-41dc-8799-330f7bd2f911,assamese.academy,available,72,2,8,,,
357b460b-5df3-4ce5-9247-5d59fe21355e,assaultive.academy,available,52,1,10,,,
8326edff-6d7a-42c8-9a38-1f80e9da8c10,assentient.academy,available,44,1,10,,,
49e91855-1afe-45f7-9495-e492412d279e,assertable.academy,available,80,1,10,,,
23407b6f-8a30-4b4c-859f-aff209c50820,asserted.academy,available,44,2,8,,,
9a994f9e-ec17-46da-bf5d-64001def2220,assertive.academy,available,44,6,9,,,
d011853f-d07e-4133-ae04-747904a8d4c5,assessable.academy,available,44,2,10,,,
edae0bb3-9863-4645-ad19-55a8919f9435,asshole.academy,available,48,12,7,,,
ebae69e4-1504-46c9-affa-170aa8f815ff,assiduous.academy,available,50,4,9,,,
5b6e5fee-d90a-4390-b221-1a96815ea8ee,assignable.academy,available,44,3,10,,,
962509cc-012a-4b57-99d2-1f7273bca02a,assigned.academy,available,44,5,8,,,
38186a47-3ed8-499f-8682-84a729916427,assisted.academy,available,68,7,8,,,
335504aa-c181-4871-b80b-5b0f237a5165,assistive.academy,available,44,6,9,,,
a5e75202-70b9-4072-ac4e-1bff3c64ad9c,associable.academy,available,44,1,10,,,
1488928e-3afd-4fc4-91c3-c8ee79be4ebe,assonant.academy,available,44,1,8,,,
47cff868-b334-4178-b8b9-db920c5eae12,assorted.academy,available,44,5,8,,,
6044e051-c469-4f2c-9ce8-ab22247eb20b,assuasive.academy,available,68,1,9,,,
23e931f2-a5e7-422f-98a8-5aea6c5ce653,assumed.academy,available,48,3,7,,,
825a1fa4-0b97-4f02-bd24-c9dea586fa87,assuming.academy,available,62,1,8,,,
47f14f14-883d-4b81-a902-00724c2d89b6,assumptive.academy,available,44,1,10,,,
48d66c1a-1410-4d28-9f83-c515eae04676,assured.academy,available,66,14,7,,,
5e287caf-94be-4651-b935-dab1044f87e8,assurgent.academy,available,44,2,9,,,
6df2a1ef-fedd-457b-a81f-d4dbbb48c608,assuring.academy,available,44,2,8,,,
27e97c71-fb45-45c2-a0d8-33d5a944aea0,astatic.academy,available,48,2,7,,,
92264886-6f69-414a-bf86-b39270eb7c5b,asteriated.academy,available,44,1,10,,,
5e69c673-acaa-4d0a-82cf-020d51955a7e,asterisked.academy,available,44,1,10,,,
b0d8db88-ea2c-4dea-ac22-8ac8b2d78479,asterismal.academy,available,46,1,10,,,
e56a3ec5-a76d-4dd7-985a-f2e85a24a4f8,astern.academy,available,57,4,6,,,
eb10637e-3c3f-4ce1-af7c-6863f9e2324f,asternal.academy,available,34,1,8,,,
5c142e36-3690-4d6b-ba29-25e548f295cb,asteroidal.academy,available,48,1,10,,,
b90b13d4-0208-4dac-92b8-30750474c687,asthenic.academy,available,52,1,8,,,
53517683-0d10-4408-a440-1b71670cf804,asthmatic.academy,available,64,2,9,,,
6d94747e-7af8-4d8f-b2ab-b2dae5e53df3,astigmatic.academy,available,56,1,10,,,
48ec765a-981a-42f9-b76b-0d4a7c1d46e0,astomatal.academy,available,34,0,9,,,
0f9bfdbd-2fb5-4b72-b3f1-7a737f2cc23e,astomatous.academy,available,34,1,10,,,
bb19395f-2fd8-453f-b24e-9d20bdb852c0,astonied.academy,available,54,1,8,,,
dfea7850-4856-44c0-b1d1-7b94cde154bf,astonished.academy,available,68,2,10,,,
16dc00fc-0f3b-47d2-80bf-95d76acae7bf,astounded.academy,available,68,1,9,,,
490d1ca3-3899-4a17-a87e-4cffa18569b8,astounding.academy,available,70,5,10,,,
7229826b-3c34-4104-afff-6cdaa5dc2af1,astragalar.academy,available,34,1,10,,,